02463d492.jpg,1020.0,498.0,1178.0,496.0,968.0,460.0,1056.0,446.0,1138.0,438.0,1230.0,452.0,1056.0,586.0,1098.0,570.0,1144.0,586.0,1052.0,666.0,1106.0,646.0,1170.0,662.0,1106.0,678.0
02463d607.jpg,906.0,212.0,1082.0,210.0,862.0,154.0,932.0,156.0,1036.0,156.0,1132.0,174.0,938.0,296.0,992.0,290.0,1052.0,300.0,930.0,384.0,998.0,364.0,1082.0,370.0,1000.0,406.0
02463d635.jpg,1144.0,224.0,1302.0,230.0,1098.0,184.0,1182.0,178.0,1276.0,186.0,1354.0,188.0,1178.0,298.0,1230.0,288.0,1280.0,302.0,1152.0,366.0,1232.0,356.0,1296.0,362.0,1230.0,384.0
02463d646.jpg,1116.0,274.0,1296.0,278.0,1066.0,222.0,1176.0,222.0,1280.0,220.0,1366.0,234.0,1158.0,372.0,1218.0,358.0,1266.0,370.0,1144.0,464.0,1214.0,440.0,1286.0,466.0,1214.0,480.0
04201d314.jpg,1002.0,330.0,1142.0,330.0,944.0,304.0,1040.0,298.0,1092.0,292.0,1182.0,290.0,1042.0,414.0,1082.0,400.0,1116.0,420.0,1020.0,480.0,1074.0,466.0,1136.0,476.0,1080.0,500.0
04201d339.jpg,1008.0,388.0,1152.0,382.0,958.0,352.0,1050.0,352.0,1110.0,352.0,1204.0,350.0,1042.0,468.0,1094.0,460.0,1126.0,470.0,1022.0,544.0,1080.0,522.0,1142.0,540.0,1080.0,578.0
04202d367.jpg,968.0,946.0,1110.0,940.0,938.0,902.0,1008.0,906.0,1066.0,900.0,1142.0,886.0,1002.0,1026.0,1042.0,1014.0,1080.0,1020.0,996.0,1098.0,1046.0,1084.0,1102.0,1094.0,1050.0,1132.0
04202d396.jpg,1088.0,786.0,1228.0,782.0,1054.0,730.0,1120.0,738.0,1190.0,738.0,1272.0,730.0,1118.0,860.0,1160.0,852.0,1198.0,858.0,1116.0,932.0,1158.0,912.0,1216.0,928.0,1164.0,946.0
04202d463.jpg,922.0,910.0,1066.0,900.0,880.0,868.0,950.0,870.0,1006.0,866.0,1086.0,858.0,950.0,992.0,992.0,980.0,1038.0,988.0,952.0,1064.0,1002.0,1044.0,1060.0,1054.0,1004.0,1090.0
04202d481.jpg,1212.0,530.0,1344.0,520.0,1174.0,492.0,1240.0,492.0,1306.0,484.0,1384.0,480.0,1242.0,602.0,1280.0,592.0,1322.0,596.0,1228.0,664.0,1284.0,650.0,1348.0,660.0,1288.0,696.0
04203d358.jpg,1156.0,494.0,1310.0,500.0,1130.0,450.0,1198.0,454.0,1262.0,452.0,1320.0,458.0,1184.0,584.0,1224.0,572.0,1276.0,590.0,1174.0,664.0,1224.0,640.0,1292.0,662.0,1230.0,676.0
04203d471.jpg,1026.0,382.0,1192.0,384.0,994.0,330.0,1064.0,338.0,1152.0,332.0,1222.0,344.0,1054.0,472.0,1104.0,452.0,1160.0,472.0,1044.0,550.0,1108.0,530.0,1182.0,546.0,1108.0,576.0
04203d476.jpg,1024.0,782.0,1162.0,788.0,990.0,748.0,1072.0,748.0,1124.0,750.0,1204.0,752.0,1062.0,856.0,1096.0,840.0,1144.0,860.0,1056.0,928.0,1106.0,906.0,1158.0,932.0,1108.0,942.0
04214d154.jpg,1072.0,662.0,1204.0,668.0,1022.0,630.0,1114.0,628.0,1162.0,632.0,1250.0,652.0,1096.0,734.0,1140.0,740.0,1178.0,744.0,1064.0,804.0,1132.0,800.0,1192.0,804.0,1132.0,836.0
04221d382.jpg,1064.0,642.0,1206.0,644.0,1032.0,600.0,1096.0,606.0,1176.0,600.0,1246.0,610.0,1084.0,728.0,1126.0,726.0,1172.0,734.0,1080.0,792.0,1126.0,778.0,1188.0,798.0,1128.0,822.0
04222d386.jpg,930.0,560.0,1074.0,560.0,882.0,528.0,970.0,516.0,1040.0,516.0,1130.0,532.0,960.0,634.0,1008.0,626.0,1052.0,636.0,938.0,708.0,1008.0,694.0,1080.0,706.0,1006.0,726.0
04225d214.jpg,1094.0,464.0,1262.0,460.0,1044.0,436.0,1144.0,418.0,1200.0,414.0,1318.0,426.0,1126.0,538.0,1174.0,534.0,1232.0,538.0,1112.0,608.0,1178.0,608.0,1256.0,612.0,1176.0,648.0
04225d238.jpg,902.0,918.0,1046.0,904.0,854.0,894.0,950.0,872.0,1000.0,862.0,1096.0,872.0,940.0,976.0,982.0,972.0,1028.0,970.0,930.0,1044.0,988.0,1034.0,1054.0,1038.0,990.0,1072.0
04233d355.jpg,930.0,354.0,1082.0,354.0,884.0,330.0,968.0,330.0,1048.0,324.0,1136.0,336.0,956.0,426.0,1002.0,420.0,1046.0,428.0,940.0,502.0,1002.0,480.0,1068.0,504.0,1004.0,548.0
04233d440.jpg,1154.0,694.0,1288.0,688.0,1106.0,668.0,1180.0,660.0,1268.0,654.0,1344.0,654.0,1182.0,758.0,1218.0,750.0,1260.0,764.0,1184.0,832.0,1230.0,802.0,1276.0,834.0,1228.0,850.0
04233d480.jpg,1180.0,814.0,1318.0,810.0,1130.0,786.0,1212.0,782.0,1280.0,778.0,1368.0,782.0,1214.0,878.0,1246.0,870.0,1282.0,874.0,1214.0,950.0,1254.0,924.0,1300.0,948.0,1256.0,970.0
04233d486.jpg,1264.0,656.0,1430.0,650.0,1200.0,630.0,1304.0,618.0,1390.0,608.0,1484.0,620.0,1308.0,728.0,1348.0,708.0,1392.0,732.0,1304.0,818.0,1354.0,778.0,1422.0,816.0,1358.0,836.0
04236d118.jpg,940.0,862.0,1090.0,846.0,896.0,840.0,976.0,826.0,1062.0,818.0,1146.0,822.0,984.0,946.0,1022.0,936.0,1066.0,940.0,982.0,1024.0,1028.0,994.0,1098.0,1008.0,1040.0,1032.0
04237d110.jpg,1008.0,794.0,1158.0,792.0,954.0,760.0,1060.0,756.0,1130.0,752.0,1212.0,754.0,1042.0,870.0,1082.0,866.0,1124.0,872.0,1026.0,942.0,1080.0,916.0,1150.0,944.0,1088.0,966.0
04237d75.jpg,904.0,1014.0,1042.0,1018.0,852.0,980.0,944.0,980.0,1002.0,980.0,1096.0,992.0,928.0,1090.0,976.0,1092.0,1012.0,1094.0,910.0,1156.0,974.0,1136.0,1038.0,1158.0,974.0,1184.0
04237d97.jpg,842.0,806.0,984.0,808.0,792.0,778.0,882.0,776.0,946.0,770.0,1034.0,774.0,874.0,884.0,922.0,878.0,960.0,884.0,870.0,956.0,922.0,930.0,980.0,958.0,926.0,974.0
04265d232.jpg,1118.0,772.0,1280.0,756.0,1060.0,730.0,1140.0,728.0,1262.0,710.0,1344.0,702.0,1158.0,856.0,1206.0,850.0,1258.0,844.0,1148.0,930.0,1214.0,904.0,1292.0,912.0,1222.0,966.0
04265d282.jpg,1190.0,768.0,1324.0,758.0,1154.0,732.0,1212.0,742.0,1304.0,730.0,1368.0,720.0,1222.0,838.0,1256.0,836.0,1302.0,832.0,1200.0,894.0,1268.0,878.0,1334.0,882.0,1268.0,924.0
04265d299.jpg,978.0,898.0,1120.0,904.0,920.0,860.0,1006.0,862.0,1106.0,858.0,1186.0,868.0,1008.0,980.0,1048.0,978.0,1090.0,982.0,992.0,1054.0,1044.0,1032.0,1104.0,1056.0,1040.0,1080.0
04267d148.jpg,1298.0,386.0,1438.0,388.0,1244.0,366.0,1338.0,362.0,1396.0,360.0,1486.0,372.0,1322.0,462.0,1356.0,456.0,1404.0,464.0,1312.0,526.0,1368.0,510.0,1430.0,516.0,1366.0,560.0
04273d216.jpg,1112.0,638.0,1252.0,638.0,1066.0,614.0,1166.0,610.0,1222.0,614.0,1308.0,608.0,1144.0,728.0,1188.0,722.0,1226.0,730.0,1134.0,800.0,1188.0,784.0,1236.0,806.0,1186.0,824.0
04273d263.jpg,954.0,390.0,1104.0,386.0,896.0,364.0,992.0,356.0,1072.0,344.0,1156.0,356.0,988.0,464.0,1036.0,452.0,1088.0,464.0,968.0,532.0,1040.0,506.0,1106.0,528.0,1040.0,548.0
04279d266.jpg,956.0,518.0,1088.0,516.0,906.0,496.0,988.0,482.0,1060.0,478.0,1130.0,486.0,978.0,606.0,1024.0,604.0,1070.0,602.0,952.0,660.0,1024.0,648.0,1096.0,658.0,1022.0,706.0
04284d29.jpg,1224.0,696.0,1376.0,660.0,1152.0,672.0,1234.0,644.0,1324.0,628.0,1416.0,600.0,1256.0,772.0,1310.0,746.0,1362.0,748.0,1282.0,860.0,1324.0,826.0,1384.0,832.0,1336.0,864.0
04286d215.jpg,916.0,774.0,1050.0,776.0,858.0,750.0,956.0,750.0,1012.0,750.0,1114.0,758.0,940.0,850.0,984.0,844.0,1024.0,854.0,920.0,936.0,984.0,904.0,1036.0,934.0,978.0,958.0
04287d15.jpg,972.0,532.0,1120.0,538.0,916.0,508.0,1010.0,498.0,1074.0,500.0,1182.0,520.0,996.0,596.0,1042.0,588.0,1094.0,602.0,974.0,676.0,1040.0,646.0,1116.0,684.0,1034.0,720.0
04288d272.jpg,1208.0,664.0,1336.0,656.0,1166.0,638.0,1246.0,636.0,1306.0,632.0,1376.0,638.0,1236.0,728.0,1270.0,724.0,1310.0,726.0,1236.0,804.0,1280.0,786.0,1330.0,802.0,1284.0,818.0
04297d221.jpg,1114.0,498.0,1268.0,496.0,1062.0,460.0,1156.0,454.0,1226.0,452.0,1322.0,458.0,1148.0,580.0,1192.0,562.0,1236.0,572.0,1128.0,650.0,1196.0,632.0,1276.0,648.0,1196.0,690.0
04300d195.jpg,1036.0,686.0,1170.0,698.0,992.0,656.0,1062.0,654.0,1150.0,656.0,1224.0,680.0,1058.0,778.0,1102.0,776.0,1142.0,776.0,1030.0,836.0,1100.0,832.0,1170.0,846.0,1100.0,882.0
04300d206.jpg,778.0,582.0,910.0,592.0,740.0,558.0,812.0,558.0,890.0,562.0,962.0,570.0,804.0,676.0,846.0,672.0,882.0,678.0,792.0,750.0,846.0,738.0,906.0,750.0,844.0,778.0
04300d241.jpg,1114.0,438.0,1244.0,446.0,1068.0,418.0,1148.0,410.0,1218.0,412.0,1282.0,424.0,1146.0,522.0,1192.0,520.0,1230.0,524.0,1122.0,588.0,1184.0,572.0,1254.0,580.0,1188.0,628.0
04301d174.jpg,1022.0,538.0,1160.0,540.0,978.0,508.0,1050.0,498.0,1130.0,502.0,1204.0,514.0,1048.0,626.0,1084.0,614.0,1126.0,634.0,1038.0,700.0,1080.0,682.0,1136.0,700.0,1080.0,706.0
04302d129.jpg,986.0,814.0,1112.0,812.0,960.0,782.0,1010.0,782.0,1094.0,778.0,1150.0,780.0,1014.0,876.0,1048.0,872.0,1090.0,876.0,988.0,932.0,1044.0,916.0,1110.0,932.0,1046.0,968.0
04309d102.jpg,1002.0,630.0,1132.0,624.0,962.0,596.0,1038.0,596.0,1110.0,598.0,1182.0,586.0,1034.0,698.0,1072.0,694.0,1108.0,696.0,1014.0,760.0,1074.0,744.0,1134.0,754.0,1074.0,802.0
04313d43.jpg,1176.0,512.0,1304.0,514.0,1124.0,498.0,1216.0,484.0,1266.0,486.0,1356.0,512.0,1198.0,574.0,1240.0,574.0,1280.0,582.0,1176.0,632.0,1234.0,618.0,1298.0,646.0,1236.0,670.0
04313d48.jpg,1190.0,450.0,1330.0,456.0,1132.0,438.0,1240.0,428.0,1284.0,428.0,1390.0,464.0,1220.0,530.0,1266.0,520.0,1306.0,534.0,1204.0,606.0,1264.0,582.0,1324.0,604.0,1264.0,618.0
04314d59.jpg,1188.0,718.0,1342.0,714.0,1140.0,694.0,1224.0,686.0,1294.0,678.0,1400.0,688.0,1220.0,802.0,1266.0,780.0,1306.0,800.0,1210.0,902.0,1266.0,860.0,1332.0,900.0,1262.0,916.0
04319d144.jpg,974.0,566.0,1122.0,556.0,928.0,512.0,1010.0,510.0,1080.0,506.0,1164.0,508.0,1012.0,648.0,1056.0,636.0,1096.0,642.0,1002.0,722.0,1060.0,700.0,1120.0,720.0,1060.0,738.0
04319d163.jpg,824.0,762.0,982.0,756.0,776.0,718.0,856.0,718.0,928.0,718.0,1016.0,714.0,854.0,846.0,910.0,850.0,958.0,844.0,836.0,922.0,914.0,900.0,980.0,916.0,912.0,958.0
04319d217.jpg,1200.0,628.0,1350.0,622.0,1158.0,588.0,1238.0,572.0,1320.0,570.0,1396.0,584.0,1240.0,712.0,1292.0,704.0,1334.0,706.0,1216.0,782.0,1288.0,758.0,1358.0,770.0,1290.0,812.0
04319d229.jpg,1246.0,540.0,1400.0,526.0,1196.0,496.0,1282.0,476.0,1364.0,476.0,1452.0,472.0,1286.0,624.0,1336.0,618.0,1386.0,622.0,1274.0,698.0,1338.0,678.0,1408.0,688.0,1340.0,724.0
04322d101.jpg,824.0,686.0,980.0,682.0,796.0,638.0,866.0,642.0,934.0,634.0,1010.0,634.0,856.0,760.0,910.0,762.0,960.0,754.0,852.0,848.0,914.0,824.0,982.0,836.0,912.0,860.0
04322d112.jpg,1166.0,536.0,1312.0,526.0,1148.0,492.0,1212.0,494.0,1262.0,480.0,1332.0,466.0,1200.0,608.0,1244.0,614.0,1298.0,598.0,1200.0,688.0,1258.0,662.0,1324.0,668.0,1268.0,708.0
04324d297.jpg,988.0,342.0,1122.0,328.0,940.0,312.0,1010.0,308.0,1088.0,296.0,1166.0,298.0,1020.0,426.0,1052.0,414.0,1090.0,422.0,1008.0,490.0,1058.0,470.0,1122.0,484.0,1066.0,526.0
04324d308.jpg,1220.0,502.0,1362.0,486.0,1172.0,466.0,1240.0,454.0,1334.0,450.0,1414.0,458.0,1256.0,582.0,1292.0,572.0,1338.0,576.0,1244.0,664.0,1294.0,638.0,1354.0,658.0,1302.0,678.0
04327d336.jpg,1184.0,950.0,1316.0,944.0,1138.0,914.0,1212.0,930.0,1288.0,908.0,1344.0,898.0,1222.0,1024.0,1252.0,1022.0,1298.0,1022.0,1204.0,1092.0,1260.0,1074.0,1322.0,1086.0,1266.0,1104.0
04329d83.jpg,804.0,500.0,934.0,514.0,760.0,462.0,830.0,474.0,908.0,482.0,984.0,488.0,820.0,578.0,870.0,580.0,910.0,592.0,796.0,638.0,864.0,634.0,920.0,644.0,864.0,656.0
04334d223.jpg,1158.0,606.0,1300.0,596.0,1120.0,548.0,1202.0,560.0,1268.0,550.0,1352.0,552.0,1190.0,702.0,1234.0,688.0,1276.0,704.0,1176.0,780.0,1236.0,748.0,1302.0,774.0,1238.0,820.0
04334d229.jpg,884.0,874.0,1022.0,868.0,836.0,834.0,916.0,834.0,986.0,832.0,1064.0,828.0,912.0,964.0,948.0,958.0,992.0,962.0,900.0,1040.0,958.0,1008.0,1020.0,1030.0,960.0,1082.0
04334d350.jpg,1122.0,1004.0,1258.0,998.0,1076.0,960.0,1154.0,954.0,1228.0,950.0,1302.0,948.0,1162.0,1100.0,1204.0,1078.0,1238.0,1096.0,1160.0,1176.0,1210.0,1146.0,1250.0,1166.0,1212.0,1194.0
04334d356.jpg,1064.0,812.0,1190.0,800.0,1018.0,768.0,1098.0,768.0,1160.0,760.0,1234.0,758.0,1100.0,900.0,1138.0,886.0,1170.0,894.0,1100.0,968.0,1142.0,940.0,1194.0,964.0,1146.0,994.0
04336d214.jpg,974.0,882.0,1120.0,886.0,928.0,850.0,1008.0,856.0,1090.0,852.0,1168.0,850.0,1004.0,966.0,1048.0,966.0,1088.0,970.0,986.0,1024.0,1046.0,1008.0,1112.0,1026.0,1044.0,1064.0
04336d220.jpg,986.0,934.0,1128.0,948.0,946.0,900.0,1022.0,910.0,1106.0,920.0,1176.0,920.0,1010.0,1020.0,1054.0,1032.0,1092.0,1028.0,980.0,1066.0,1054.0,1062.0,1112.0,1076.0,1042.0,1116.0
04341d187.jpg,1178.0,1066.0,1336.0,1064.0,1132.0,1016.0,1226.0,1022.0,1302.0,1022.0,1386.0,1028.0,1222.0,1156.0,1266.0,1134.0,1314.0,1154.0,1206.0,1242.0,1264.0,1216.0,1322.0,1234.0,1260.0,1254.0
04343d241.jpg,1144.0,402.0,1292.0,386.0,1086.0,372.0,1172.0,364.0,1248.0,352.0,1342.0,362.0,1170.0,482.0,1218.0,468.0,1266.0,470.0,1172.0,562.0,1228.0,540.0,1288.0,550.0,1226.0,574.0
04343d248.jpg,718.0,532.0,864.0,522.0,672.0,506.0,750.0,496.0,826.0,492.0,904.0,496.0,746.0,606.0,792.0,598.0,848.0,594.0,738.0,670.0,798.0,654.0,866.0,652.0,798.0,702.0
04343d278.jpg,984.0,674.0,1126.0,664.0,934.0,644.0,1012.0,642.0,1096.0,636.0,1176.0,634.0,1008.0,748.0,1054.0,742.0,1108.0,740.0,998.0,812.0,1064.0,792.0,1144.0,792.0,1066.0,844.0
04343d375.jpg,1162.0,626.0,1290.0,614.0,1116.0,596.0,1190.0,590.0,1260.0,578.0,1346.0,580.0,1190.0,694.0,1228.0,686.0,1278.0,686.0,1190.0,770.0,1234.0,748.0,1298.0,758.0,1244.0,782.0
04347d223.jpg,868.0,604.0,1014.0,604.0,816.0,574.0,908.0,576.0,984.0,574.0,1064.0,576.0,904.0,690.0,956.0,688.0,992.0,688.0,902.0,762.0,952.0,748.0,992.0,764.0,946.0,790.0
04347d236.jpg,996.0,626.0,1168.0,612.0,934.0,610.0,1034.0,590.0,1128.0,586.0,1232.0,582.0,1042.0,730.0,1100.0,712.0,1140.0,722.0,1026.0,814.0,1098.0,780.0,1170.0,792.0,1102.0,846.0
04347d335.jpg,1088.0,386.0,1220.0,382.0,1044.0,366.0,1130.0,364.0,1188.0,360.0,1268.0,358.0,1130.0,470.0,1164.0,462.0,1192.0,464.0,1118.0,534.0,1164.0,520.0,1206.0,530.0,1166.0,554.0
04349d265.jpg,886.0,802.0,1038.0,802.0,834.0,780.0,920.0,766.0,998.0,762.0,1086.0,774.0,918.0,876.0,960.0,876.0,1006.0,878.0,904.0,962.0,970.0,930.0,1040.0,964.0,968.0,994.0
04349d282.jpg,832.0,484.0,982.0,482.0,776.0,462.0,876.0,450.0,952.0,446.0,1048.0,462.0,870.0,568.0,910.0,566.0,956.0,568.0,862.0,658.0,914.0,628.0,978.0,660.0,916.0,674.0
04349d389.jpg,1146.0,460.0,1294.0,456.0,1098.0,438.0,1182.0,428.0,1262.0,418.0,1350.0,444.0,1176.0,536.0,1226.0,534.0,1266.0,536.0,1164.0,610.0,1224.0,586.0,1296.0,608.0,1226.0,642.0
04350d210.jpg,934.0,984.0,1096.0,984.0,888.0,946.0,974.0,940.0,1062.0,938.0,1140.0,946.0,968.0,1078.0,1014.0,1060.0,1062.0,1080.0,948.0,1156.0,1012.0,1128.0,1082.0,1154.0,1012.0,1170.0
04350d217.jpg,934.0,814.0,1102.0,812.0,894.0,780.0,982.0,770.0,1052.0,762.0,1142.0,762.0,966.0,894.0,1018.0,884.0,1062.0,896.0,952.0,970.0,1016.0,940.0,1080.0,962.0,1010.0,1000.0
04365d282.jpg,892.0,680.0,1036.0,682.0,852.0,632.0,934.0,634.0,1002.0,634.0,1088.0,636.0,914.0,762.0,956.0,754.0,1004.0,770.0,898.0,828.0,952.0,818.0,1000.0,848.0,942.0,854.0
04370d272.jpg,1226.0,830.0,1372.0,820.0,1176.0,796.0,1252.0,796.0,1340.0,790.0,1420.0,786.0,1270.0,908.0,1306.0,898.0,1340.0,906.0,1238.0,970.0,1308.0,956.0,1388.0,958.0,1314.0,996.0
04372d293.jpg,1044.0,1078.0,1174.0,1082.0,1010.0,1050.0,1076.0,1050.0,1154.0,1048.0,1210.0,1046.0,1078.0,1154.0,1114.0,1148.0,1140.0,1154.0,1070.0,1222.0,1114.0,1202.0,1160.0,1216.0,1116.0,1234.0
04372d294.jpg,1048.0,1086.0,1176.0,1086.0,1014.0,1058.0,1076.0,1062.0,1156.0,1058.0,1208.0,1058.0,1084.0,1160.0,1118.0,1156.0,1150.0,1162.0,1060.0,1212.0,1116.0,1204.0,1170.0,1214.0,1116.0,1252.0
04372d303.jpg,828.0,1120.0,972.0,1120.0,790.0,1084.0,856.0,1082.0,942.0,1082.0,1018.0,1086.0,868.0,1202.0,900.0,1194.0,940.0,1202.0,850.0,1278.0,900.0,1258.0,960.0,1272.0,904.0,1296.0
04372d324.jpg,1256.0,1092.0,1412.0,1092.0,1208.0,1060.0,1292.0,1050.0,1378.0,1050.0,1460.0,1064.0,1294.0,1170.0,1340.0,1168.0,1376.0,1168.0,1262.0,1234.0,1336.0,1218.0,1404.0,1238.0,1340.0,1290.0
04373d25.jpg,1100.0,600.0,1262.0,596.0,1050.0,558.0,1148.0,566.0,1208.0,562.0,1326.0,580.0,1130.0,682.0,1170.0,678.0,1222.0,680.0,1104.0,758.0,1176.0,742.0,1256.0,752.0,1170.0,796.0
04373d31.jpg,1110.0,562.0,1274.0,574.0,1058.0,522.0,1168.0,536.0,1220.0,536.0,1330.0,554.0,1136.0,646.0,1184.0,648.0,1228.0,652.0,1106.0,726.0,1182.0,710.0,1244.0,724.0,1178.0,770.0
04378d154.jpg,1028.0,392.0,1188.0,398.0,980.0,356.0,1052.0,354.0,1166.0,352.0,1248.0,354.0,1060.0,504.0,1104.0,502.0,1150.0,502.0,1048.0,580.0,1106.0,576.0,1168.0,584.0,1106.0,606.0
04378d218.jpg,1070.0,548.0,1194.0,544.0,1030.0,520.0,1092.0,518.0,1176.0,518.0,1242.0,520.0,1094.0,628.0,1140.0,628.0,1174.0,622.0,1078.0,676.0,1132.0,670.0,1188.0,682.0,1134.0,720.0
04379d314.jpg,938.0,914.0,1096.0,924.0,892.0,874.0,978.0,886.0,1076.0,888.0,1154.0,884.0,970.0,1014.0,1022.0,1010.0,1062.0,1018.0,932.0,1064.0,1010.0,1066.0,1082.0,1080.0,1008.0,1114.0
04379d350.jpg,1198.0,880.0,1364.0,884.0,1152.0,830.0,1236.0,856.0,1334.0,852.0,1396.0,842.0,1228.0,976.0,1278.0,976.0,1322.0,978.0,1192.0,1036.0,1272.0,1032.0,1352.0,1038.0,1268.0,1084.0
04381d64.jpg,942.0,684.0,1088.0,684.0,894.0,652.0,978.0,658.0,1058.0,656.0,1140.0,662.0,970.0,756.0,1016.0,756.0,1058.0,764.0,962.0,842.0,1014.0,820.0,1070.0,842.0,1016.0,864.0
04385d300.jpg,824.0,594.0,964.0,590.0,788.0,574.0,848.0,570.0,942.0,558.0,1002.0,570.0,856.0,682.0,896.0,692.0,938.0,684.0,838.0,746.0,898.0,730.0,954.0,746.0,898.0,778.0
04386d129.jpg,870.0,1124.0,996.0,1132.0,826.0,1082.0,894.0,1094.0,978.0,1096.0,1032.0,1078.0,888.0,1206.0,932.0,1202.0,966.0,1210.0,882.0,1292.0,930.0,1268.0,976.0,1292.0,930.0,1312.0
04386d142.jpg,948.0,1058.0,1074.0,1066.0,916.0,1020.0,974.0,1036.0,1046.0,1034.0,1106.0,1030.0,972.0,1128.0,1010.0,1126.0,1050.0,1134.0,954.0,1196.0,1006.0,1178.0,1064.0,1200.0,1006.0,1228.0
04387d267.jpg,958.0,440.0,1104.0,440.0,914.0,392.0,986.0,406.0,1070.0,398.0,1164.0,412.0,982.0,534.0,1024.0,528.0,1078.0,528.0,972.0,598.0,1038.0,576.0,1104.0,596.0,1038.0,632.0
04387d360.jpg,1126.0,560.0,1274.0,562.0,1082.0,522.0,1156.0,524.0,1246.0,524.0,1314.0,518.0,1152.0,658.0,1202.0,652.0,1248.0,652.0,1144.0,726.0,1202.0,702.0,1262.0,730.0,1200.0,742.0
04387d420.jpg,852.0,446.0,1028.0,440.0,798.0,398.0,890.0,404.0,976.0,398.0,1078.0,392.0,890.0,556.0,950.0,552.0,1008.0,548.0,882.0,634.0,960.0,610.0,1032.0,624.0,956.0,668.0
04394d321.jpg,1208.0,986.0,1324.0,984.0,1180.0,958.0,1232.0,952.0,1310.0,960.0,1366.0,962.0,1246.0,1042.0,1276.0,1044.0,1304.0,1048.0,1242.0,1116.0,1274.0,1100.0,1322.0,1116.0,1274.0,1126.0
04394d381.jpg,1104.0,508.0,1224.0,502.0,1066.0,484.0,1128.0,484.0,1206.0,480.0,1258.0,478.0,1138.0,568.0,1174.0,568.0,1204.0,566.0,1136.0,636.0,1172.0,622.0,1220.0,634.0,1172.0,650.0
04397d296.jpg,1040.0,352.0,1178.0,346.0,992.0,308.0,1064.0,310.0,1146.0,306.0,1230.0,306.0,1076.0,434.0,1106.0,426.0,1146.0,430.0,1070.0,508.0,1110.0,490.0,1162.0,508.0,1110.0,528.0
04397d302.jpg,844.0,516.0,980.0,510.0,802.0,472.0,880.0,468.0,966.0,466.0,1038.0,476.0,886.0,590.0,924.0,576.0,956.0,588.0,876.0,672.0,924.0,646.0,978.0,670.0,918.0,678.0
04397d354.jpg,932.0,748.0,1066.0,750.0,886.0,708.0,966.0,702.0,1042.0,708.0,1114.0,706.0,964.0,822.0,1002.0,804.0,1038.0,820.0,952.0,892.0,1002.0,872.0,1056.0,896.0,1000.0,904.0
04400d276.jpg,988.0,452.0,1114.0,450.0,954.0,424.0,998.0,416.0,1052.0,416.0,1168.0,422.0,986.0,534.0,1002.0,532.0,1068.0,534.0,1002.0,620.0,1038.0,606.0,1118.0,616.0,1040.0,638.0
04400d319.jpg,982.0,688.0,1150.0,684.0,928.0,662.0,1038.0,654.0,1098.0,646.0,1202.0,658.0,1012.0,774.0,1070.0,772.0,1118.0,776.0,988.0,848.0,1072.0,840.0,1162.0,844.0,1072.0,906.0
04400d325.jpg,1164.0,564.0,1302.0,560.0,1114.0,538.0,1196.0,536.0,1252.0,530.0,1346.0,542.0,1190.0,640.0,1228.0,640.0,1266.0,644.0,1174.0,708.0,1230.0,702.0,1288.0,704.0,1230.0,738.0
04400d346.jpg,906.0,466.0,1056.0,458.0,846.0,442.0,960.0,436.0,1010.0,430.0,1116.0,430.0,940.0,554.0,988.0,550.0,1026.0,558.0,924.0,644.0,982.0,624.0,1048.0,644.0,982.0,676.0
04400d347.jpg,928.0,464.0,1086.0,454.0,868.0,436.0,976.0,428.0,1034.0,428.0,1134.0,434.0,962.0,552.0,1004.0,542.0,1050.0,550.0,938.0,626.0,1010.0,614.0,1082.0,620.0,1010.0,662.0
04400d365.jpg,1220.0,676.0,1404.0,664.0,1162.0,646.0,1278.0,630.0,1348.0,626.0,1458.0,626.0,1274.0,766.0,1330.0,770.0,1384.0,768.0,1236.0,844.0,1330.0,838.0,1408.0,850.0,1332.0,908.0
04404d181.jpg,992.0,846.0,1128.0,856.0,954.0,796.0,1034.0,820.0,1094.0,820.0,1170.0,810.0,1018.0,926.0,1058.0,920.0,1092.0,926.0,994.0,998.0,1054.0,986.0,1122.0,1004.0,1054.0,1028.0
04406d27.jpg,958.0,718.0,1102.0,714.0,908.0,690.0,1010.0,680.0,1082.0,676.0,1162.0,700.0,996.0,792.0,1038.0,794.0,1080.0,794.0,970.0,864.0,1030.0,848.0,1102.0,862.0,1038.0,912.0
04408d201.jpg,886.0,830.0,1024.0,816.0,846.0,794.0,912.0,802.0,992.0,790.0,1060.0,778.0,916.0,910.0,956.0,904.0,1010.0,902.0,906.0,978.0,966.0,962.0,1038.0,966.0,970.0,1006.0
04408d207.jpg,1098.0,834.0,1232.0,816.0,1056.0,800.0,1134.0,804.0,1206.0,794.0,1264.0,780.0,1130.0,902.0,1176.0,900.0,1222.0,900.0,1116.0,972.0,1180.0,954.0,1240.0,954.0,1184.0,994.0
04408d230.jpg,984.0,854.0,1124.0,832.0,928.0,820.0,1010.0,820.0,1086.0,802.0,1162.0,782.0,1028.0,926.0,1066.0,922.0,1106.0,920.0,1034.0,1004.0,1078.0,978.0,1134.0,996.0,1084.0,1016.0
04410d174.jpg,1030.0,592.0,1172.0,578.0,970.0,572.0,1054.0,546.0,1120.0,536.0,1228.0,552.0,1062.0,674.0,1096.0,666.0,1134.0,666.0,1052.0,756.0,1104.0,724.0,1168.0,750.0,1108.0,760.0
04411d161.jpg,952.0,508.0,1098.0,524.0,906.0,472.0,994.0,486.0,1090.0,490.0,1154.0,502.0,980.0,588.0,1032.0,586.0,1070.0,598.0,954.0,656.0,1016.0,644.0,1080.0,672.0,1008.0,680.0
04418d219.jpg,816.0,718.0,946.0,720.0,782.0,686.0,840.0,690.0,920.0,680.0,990.0,690.0,850.0,802.0,880.0,796.0,916.0,804.0,844.0,870.0,884.0,858.0,934.0,874.0,886.0,890.0
04418d344.jpg,1062.0,896.0,1184.0,896.0,1028.0,856.0,1086.0,868.0,1160.0,866.0,1224.0,860.0,1096.0,970.0,1126.0,966.0,1154.0,970.0,1086.0,1024.0,1122.0,1018.0,1178.0,1022.0,1124.0,1046.0
04418d380.jpg,1128.0,1210.0,1250.0,1202.0,1088.0,1182.0,1160.0,1178.0,1226.0,1174.0,1282.0,1180.0,1158.0,1290.0,1186.0,1290.0,1220.0,1288.0,1142.0,1344.0,1188.0,1344.0,1236.0,1344.0,1190.0,1374.0
04419d287.jpg,1228.0,870.0,1372.0,870.0,1182.0,836.0,1274.0,838.0,1320.0,834.0,1406.0,832.0,1266.0,938.0,1302.0,934.0,1336.0,942.0,1250.0,1012.0,1304.0,996.0,1358.0,1008.0,1306.0,1030.0
04423d147.jpg,1094.0,816.0,1220.0,822.0,1056.0,786.0,1122.0,798.0,1184.0,798.0,1266.0,790.0,1108.0,894.0,1146.0,890.0,1188.0,896.0,1096.0,942.0,1152.0,932.0,1208.0,946.0,1148.0,984.0
04423d225.jpg,1082.0,442.0,1212.0,442.0,1034.0,410.0,1112.0,422.0,1174.0,416.0,1256.0,410.0,1096.0,512.0,1138.0,510.0,1180.0,518.0,1094.0,572.0,1140.0,558.0,1188.0,576.0,1144.0,588.0
04424d160.jpg,1158.0,828.0,1306.0,814.0,1118.0,800.0,1184.0,786.0,1270.0,778.0,1332.0,780.0,1192.0,912.0,1232.0,896.0,1278.0,904.0,1180.0,980.0,1242.0,964.0,1318.0,966.0,1248.0,1022.0
04427d187.jpg,1020.0,786.0,1166.0,788.0,962.0,748.0,1038.0,744.0,1140.0,752.0,1218.0,758.0,1048.0,860.0,1088.0,848.0,1132.0,860.0,1040.0,924.0,1088.0,904.0,1148.0,924.0,1084.0,952.0
04427d357.jpg,1294.0,888.0,1456.0,900.0,1230.0,856.0,1326.0,850.0,1424.0,856.0,1518.0,868.0,1328.0,976.0,1380.0,966.0,1426.0,974.0,1320.0,1042.0,1386.0,1024.0,1446.0,1042.0,1380.0,1074.0
04434d129.jpg,1022.0,566.0,1172.0,562.0,978.0,524.0,1070.0,522.0,1122.0,522.0,1206.0,528.0,1038.0,652.0,1088.0,642.0,1138.0,650.0,1034.0,732.0,1094.0,710.0,1136.0,738.0,1086.0,768.0
04435d279.jpg,1088.0,486.0,1216.0,486.0,1046.0,450.0,1122.0,456.0,1182.0,446.0,1266.0,452.0,1116.0,566.0,1154.0,558.0,1192.0,566.0,1100.0,634.0,1158.0,616.0,1218.0,628.0,1162.0,656.0
04435d308.jpg,1034.0,532.0,1166.0,520.0,982.0,496.0,1074.0,492.0,1132.0,482.0,1220.0,482.0,1064.0,618.0,1104.0,610.0,1150.0,610.0,1056.0,698.0,1112.0,676.0,1174.0,696.0,1112.0,720.0
04440d114.jpg,798.0,536.0,974.0,528.0,756.0,486.0,838.0,478.0,936.0,476.0,1030.0,476.0,830.0,642.0,886.0,642.0,942.0,638.0,826.0,734.0,884.0,702.0,958.0,726.0,884.0,752.0
04440d55.jpg,828.0,742.0,988.0,724.0,788.0,694.0,848.0,694.0,940.0,684.0,1026.0,682.0,860.0,844.0,908.0,832.0,960.0,836.0,864.0,930.0,910.0,898.0,976.0,924.0,914.0,942.0
04440d80.jpg,748.0,506.0,922.0,500.0,706.0,476.0,786.0,464.0,878.0,458.0,958.0,456.0,780.0,606.0,836.0,602.0,888.0,606.0,782.0,694.0,840.0,666.0,906.0,684.0,840.0,722.0
04446d287.jpg,1088.0,846.0,1220.0,852.0,1052.0,814.0,1118.0,810.0,1192.0,810.0,1262.0,826.0,1126.0,912.0,1150.0,908.0,1182.0,916.0,1104.0,978.0,1144.0,962.0,1186.0,988.0,1142.0,996.0
04447d95.jpg,1000.0,700.0,1134.0,696.0,950.0,670.0,1030.0,664.0,1100.0,660.0,1176.0,664.0,1034.0,770.0,1074.0,756.0,1110.0,772.0,1018.0,864.0,1078.0,836.0,1132.0,856.0,1076.0,878.0
04449d148.jpg,1162.0,694.0,1308.0,694.0,1110.0,666.0,1186.0,662.0,1268.0,658.0,1360.0,662.0,1184.0,772.0,1230.0,778.0,1284.0,774.0,1168.0,842.0,1240.0,824.0,1314.0,846.0,1240.0,886.0
04449d153.jpg,920.0,690.0,1056.0,698.0,870.0,658.0,954.0,654.0,1040.0,670.0,1120.0,670.0,954.0,772.0,994.0,772.0,1034.0,782.0,934.0,854.0,988.0,830.0,1048.0,856.0,988.0,866.0
04449d159.jpg,1068.0,340.0,1208.0,348.0,1018.0,308.0,1100.0,310.0,1186.0,310.0,1258.0,330.0,1094.0,422.0,1130.0,424.0,1172.0,424.0,1072.0,498.0,1132.0,478.0,1188.0,506.0,1130.0,514.0
04449d209.jpg,1000.0,526.0,1152.0,528.0,938.0,484.0,1042.0,490.0,1128.0,492.0,1212.0,502.0,1026.0,614.0,1080.0,610.0,1120.0,618.0,1012.0,702.0,1076.0,672.0,1140.0,710.0,1072.0,714.0
04449d210.jpg,984.0,522.0,1140.0,526.0,936.0,488.0,1026.0,492.0,1110.0,494.0,1204.0,496.0,1014.0,600.0,1064.0,610.0,1120.0,610.0,992.0,678.0,1064.0,658.0,1128.0,686.0,1058.0,714.0
04451d280.jpg,1062.0,362.0,1200.0,362.0,1014.0,326.0,1086.0,338.0,1162.0,330.0,1256.0,332.0,1088.0,432.0,1130.0,422.0,1170.0,434.0,1068.0,488.0,1128.0,480.0,1200.0,490.0,1128.0,518.0
04453d339.jpg,1170.0,1068.0,1296.0,1068.0,1140.0,1024.0,1200.0,1040.0,1272.0,1042.0,1340.0,1042.0,1196.0,1138.0,1234.0,1134.0,1264.0,1142.0,1178.0,1218.0,1228.0,1196.0,1284.0,1218.0,1224.0,1240.0
04456d219.jpg,846.0,762.0,982.0,756.0,800.0,728.0,872.0,720.0,954.0,722.0,1038.0,722.0,880.0,836.0,918.0,820.0,960.0,830.0,876.0,908.0,926.0,880.0,980.0,900.0,928.0,916.0
04456d244.jpg,1088.0,330.0,1230.0,338.0,1044.0,290.0,1126.0,298.0,1200.0,300.0,1278.0,312.0,1108.0,410.0,1154.0,404.0,1200.0,414.0,1086.0,470.0,1150.0,460.0,1216.0,480.0,1150.0,516.0
04460d236.jpg,1248.0,420.0,1398.0,420.0,1198.0,390.0,1298.0,384.0,1356.0,382.0,1460.0,398.0,1284.0,504.0,1330.0,492.0,1366.0,506.0,1268.0,580.0,1330.0,566.0,1390.0,580.0,1328.0,602.0
04460d285.jpg,1166.0,484.0,1304.0,478.0,1114.0,460.0,1204.0,452.0,1268.0,448.0,1354.0,456.0,1196.0,556.0,1236.0,544.0,1280.0,556.0,1182.0,622.0,1242.0,608.0,1310.0,606.0,1248.0,636.0
04460d293.jpg,962.0,534.0,1116.0,524.0,904.0,502.0,994.0,484.0,1066.0,484.0,1186.0,492.0,994.0,618.0,1038.0,608.0,1090.0,612.0,972.0,692.0,1048.0,676.0,1136.0,672.0,1048.0,718.0
04461d391.jpg,1206.0,752.0,1376.0,752.0,1172.0,712.0,1246.0,704.0,1348.0,700.0,1424.0,720.0,1250.0,852.0,1302.0,840.0,1346.0,852.0,1244.0,938.0,1298.0,914.0,1352.0,940.0,1302.0,958.0
04461d392.jpg,1176.0,748.0,1350.0,748.0,1142.0,704.0,1222.0,700.0,1318.0,698.0,1384.0,710.0,1218.0,844.0,1272.0,838.0,1314.0,844.0,1194.0,928.0,1270.0,898.0,1338.0,928.0,1272.0,972.0
04463d160.jpg,948.0,582.0,1090.0,574.0,902.0,556.0,980.0,554.0,1062.0,544.0,1140.0,544.0,972.0,654.0,1024.0,646.0,1076.0,646.0,966.0,730.0,1030.0,710.0,1100.0,722.0,1030.0,752.0
04463d184.jpg,1332.0,504.0,1496.0,486.0,1292.0,468.0,1354.0,456.0,1444.0,444.0,1544.0,440.0,1362.0,578.0,1420.0,568.0,1474.0,566.0,1350.0,674.0,1428.0,640.0,1506.0,650.0,1434.0,688.0
04470d265.jpg,736.0,988.0,874.0,986.0,700.0,950.0,758.0,958.0,836.0,948.0,888.0,942.0,774.0,1062.0,800.0,1052.0,840.0,1058.0,752.0,1136.0,812.0,1118.0,866.0,1134.0,814.0,1154.0
04471d246.jpg,972.0,662.0,1110.0,666.0,924.0,632.0,1008.0,632.0,1078.0,632.0,1158.0,638.0,1002.0,730.0,1040.0,728.0,1088.0,734.0,980.0,794.0,1044.0,784.0,1106.0,796.0,1042.0,826.0
04472d191.jpg,914.0,648.0,1068.0,650.0,878.0,612.0,956.0,610.0,1034.0,606.0,1120.0,616.0,950.0,726.0,992.0,722.0,1032.0,730.0,938.0,804.0,996.0,788.0,1056.0,806.0,994.0,826.0
04472d250.jpg,1034.0,388.0,1188.0,390.0,992.0,358.0,1078.0,354.0,1152.0,348.0,1244.0,374.0,1068.0,466.0,1110.0,450.0,1150.0,464.0,1062.0,552.0,1110.0,526.0,1166.0,556.0,1112.0,560.0
04472d279.jpg,972.0,638.0,1142.0,624.0,930.0,596.0,1010.0,590.0,1092.0,582.0,1184.0,584.0,1010.0,724.0,1048.0,712.0,1104.0,716.0,1002.0,804.0,1070.0,774.0,1138.0,792.0,1070.0,832.0
04472d302.jpg,1186.0,356.0,1358.0,352.0,1126.0,320.0,1254.0,300.0,1318.0,298.0,1420.0,300.0,1236.0,436.0,1290.0,428.0,1330.0,438.0,1214.0,524.0,1288.0,498.0,1360.0,518.0,1292.0,550.0
04473d153.jpg,1054.0,510.0,1190.0,504.0,996.0,490.0,1090.0,478.0,1146.0,476.0,1256.0,484.0,1084.0,578.0,1126.0,566.0,1168.0,578.0,1066.0,664.0,1126.0,642.0,1186.0,660.0,1128.0,676.0
04473d159.jpg,1158.0,348.0,1292.0,338.0,1090.0,330.0,1190.0,314.0,1250.0,310.0,1350.0,320.0,1188.0,418.0,1228.0,400.0,1270.0,414.0,1178.0,498.0,1230.0,476.0,1296.0,490.0,1236.0,514.0
04475d49.jpg,1242.0,844.0,1436.0,832.0,1182.0,812.0,1306.0,798.0,1388.0,796.0,1502.0,794.0,1298.0,950.0,1348.0,946.0,1400.0,944.0,1286.0,1044.0,1360.0,1022.0,1438.0,1036.0,1358.0,1066.0
04476d159.jpg,1144.0,782.0,1264.0,782.0,1108.0,742.0,1168.0,756.0,1246.0,750.0,1316.0,752.0,1170.0,858.0,1202.0,850.0,1242.0,854.0,1152.0,908.0,1204.0,894.0,1268.0,904.0,1206.0,950.0
04477d62.jpg,864.0,1052.0,1000.0,1042.0,824.0,1010.0,884.0,1014.0,962.0,1004.0,1046.0,1006.0,894.0,1124.0,930.0,1122.0,980.0,1124.0,882.0,1194.0,934.0,1176.0,998.0,1186.0,938.0,1210.0
04479d245.jpg,1118.0,516.0,1248.0,506.0,1060.0,498.0,1132.0,498.0,1210.0,492.0,1288.0,488.0,1138.0,602.0,1180.0,608.0,1228.0,596.0,1126.0,648.0,1192.0,646.0,1262.0,640.0,1192.0,690.0
04481d325.jpg,1064.0,646.0,1196.0,644.0,1032.0,620.0,1104.0,620.0,1176.0,620.0,1246.0,622.0,1100.0,728.0,1138.0,712.0,1168.0,730.0,1086.0,800.0,1138.0,778.0,1186.0,806.0,1134.0,816.0
04481d341.jpg,1204.0,546.0,1340.0,550.0,1168.0,520.0,1238.0,524.0,1322.0,526.0,1384.0,526.0,1236.0,624.0,1276.0,614.0,1308.0,628.0,1216.0,692.0,1274.0,674.0,1328.0,698.0,1272.0,710.0
04481d383.jpg,1064.0,730.0,1226.0,732.0,1030.0,700.0,1092.0,706.0,1200.0,698.0,1266.0,706.0,1104.0,828.0,1146.0,818.0,1186.0,832.0,1080.0,912.0,1144.0,886.0,1206.0,920.0,1144.0,924.0
04482d245.jpg,928.0,724.0,1072.0,728.0,886.0,680.0,972.0,680.0,1036.0,678.0,1122.0,688.0,960.0,810.0,1006.0,804.0,1044.0,806.0,938.0,876.0,1002.0,862.0,1068.0,876.0,1002.0,918.0
04482d329.jpg,1222.0,436.0,1350.0,436.0,1174.0,406.0,1262.0,406.0,1330.0,404.0,1394.0,406.0,1254.0,522.0,1296.0,514.0,1326.0,522.0,1234.0,582.0,1294.0,572.0,1348.0,578.0,1294.0,610.0
04482d346.jpg,1212.0,832.0,1352.0,830.0,1156.0,800.0,1246.0,794.0,1322.0,790.0,1404.0,796.0,1250.0,930.0,1288.0,920.0,1328.0,928.0,1230.0,1002.0,1298.0,984.0,1348.0,1000.0,1298.0,1018.0
04482d394.jpg,998.0,888.0,1160.0,888.0,936.0,854.0,1046.0,846.0,1126.0,838.0,1220.0,848.0,1044.0,996.0,1094.0,986.0,1132.0,994.0,1028.0,1086.0,1092.0,1064.0,1156.0,1082.0,1094.0,1100.0
04482d401.jpg,1116.0,848.0,1278.0,850.0,1062.0,808.0,1156.0,808.0,1246.0,804.0,1336.0,810.0,1150.0,958.0,1200.0,948.0,1250.0,960.0,1122.0,1034.0,1202.0,1026.0,1268.0,1034.0,1202.0,1070.0
04485d228.jpg,890.0,662.0,1030.0,658.0,840.0,644.0,908.0,630.0,1012.0,624.0,1076.0,638.0,924.0,744.0,958.0,732.0,1004.0,734.0,918.0,804.0,968.0,786.0,1026.0,804.0,970.0,820.0
04485d305.jpg,1064.0,560.0,1210.0,552.0,1014.0,530.0,1078.0,522.0,1184.0,520.0,1262.0,536.0,1090.0,632.0,1132.0,626.0,1182.0,626.0,1076.0,700.0,1140.0,682.0,1212.0,692.0,1142.0,726.0
04485d340.jpg,1232.0,526.0,1374.0,518.0,1188.0,500.0,1244.0,498.0,1346.0,484.0,1416.0,494.0,1266.0,602.0,1302.0,582.0,1342.0,596.0,1256.0,670.0,1308.0,648.0,1362.0,662.0,1312.0,680.0
04485d382.jpg,1094.0,758.0,1262.0,742.0,1028.0,730.0,1106.0,718.0,1240.0,706.0,1314.0,712.0,1140.0,846.0,1188.0,828.0,1232.0,844.0,1134.0,922.0,1192.0,906.0,1256.0,918.0,1196.0,944.0
04485d383.jpg,1100.0,754.0,1274.0,742.0,1040.0,728.0,1118.0,720.0,1244.0,704.0,1320.0,714.0,1138.0,842.0,1194.0,834.0,1246.0,834.0,1118.0,910.0,1194.0,894.0,1276.0,906.0,1196.0,954.0
04485d388.jpg,1194.0,660.0,1362.0,654.0,1152.0,628.0,1210.0,626.0,1336.0,612.0,1412.0,628.0,1236.0,746.0,1274.0,736.0,1326.0,746.0,1222.0,828.0,1282.0,806.0,1350.0,828.0,1282.0,844.0
04488d301.jpg,888.0,874.0,1016.0,864.0,852.0,838.0,906.0,850.0,988.0,840.0,1060.0,832.0,918.0,952.0,954.0,952.0,998.0,950.0,904.0,1010.0,958.0,996.0,1024.0,1000.0,960.0,1048.0
04488d366.jpg,1182.0,874.0,1314.0,868.0,1134.0,850.0,1198.0,846.0,1288.0,840.0,1356.0,836.0,1220.0,950.0,1252.0,948.0,1290.0,954.0,1214.0,1022.0,1258.0,1004.0,1306.0,1016.0,1256.0,1042.0
04493d211.jpg,1088.0,464.0,1228.0,448.0,1028.0,434.0,1108.0,426.0,1196.0,418.0,1276.0,406.0,1114.0,534.0,1166.0,516.0,1210.0,524.0,1102.0,604.0,1170.0,580.0,1242.0,594.0,1168.0,636.0
04495d265.jpg,946.0,930.0,1080.0,916.0,902.0,894.0,970.0,888.0,1050.0,882.0,1118.0,882.0,984.0,1002.0,1018.0,996.0,1054.0,998.0,974.0,1070.0,1022.0,1054.0,1080.0,1070.0,1022.0,1090.0
04495d277.jpg,834.0,516.0,980.0,506.0,796.0,474.0,858.0,472.0,948.0,462.0,1022.0,468.0,880.0,594.0,916.0,592.0,950.0,592.0,860.0,668.0,918.0,650.0,968.0,664.0,918.0,686.0
04495d338.jpg,1112.0,914.0,1234.0,898.0,1070.0,886.0,1134.0,878.0,1198.0,868.0,1272.0,864.0,1150.0,972.0,1184.0,972.0,1218.0,968.0,1136.0,1040.0,1190.0,1018.0,1248.0,1020.0,1196.0,1058.0
04495d415.jpg,1148.0,1060.0,1308.0,1036.0,1086.0,1018.0,1168.0,1006.0,1266.0,990.0,1350.0,986.0,1192.0,1136.0,1224.0,1126.0,1280.0,1126.0,1192.0,1220.0,1242.0,1196.0,1308.0,1208.0,1246.0,1236.0
04496d217.jpg,1090.0,478.0,1234.0,474.0,1036.0,448.0,1120.0,450.0,1212.0,436.0,1298.0,444.0,1124.0,564.0,1160.0,546.0,1202.0,560.0,1104.0,638.0,1164.0,616.0,1228.0,634.0,1166.0,656.0
04496d223.jpg,882.0,814.0,1022.0,798.0,840.0,780.0,912.0,782.0,994.0,770.0,1060.0,758.0,916.0,888.0,954.0,880.0,992.0,890.0,904.0,962.0,962.0,946.0,1020.0,954.0,964.0,968.0
04496d272.jpg,1162.0,464.0,1298.0,456.0,1128.0,434.0,1188.0,434.0,1266.0,428.0,1356.0,424.0,1194.0,538.0,1228.0,524.0,1262.0,536.0,1178.0,606.0,1232.0,586.0,1286.0,598.0,1236.0,628.0
04502d19.jpg,860.0,792.0,1046.0,778.0,814.0,760.0,896.0,758.0,1002.0,748.0,1076.0,742.0,904.0,888.0,964.0,870.0,1008.0,880.0,894.0,984.0,962.0,954.0,1044.0,972.0,966.0,1018.0
04505d151.jpg,1016.0,494.0,1168.0,494.0,970.0,460.0,1056.0,456.0,1126.0,450.0,1220.0,464.0,1040.0,586.0,1088.0,584.0,1138.0,588.0,1020.0,654.0,1094.0,648.0,1170.0,650.0,1094.0,704.0
04505d156.jpg,1028.0,700.0,1168.0,704.0,986.0,676.0,1062.0,670.0,1120.0,664.0,1212.0,682.0,1060.0,790.0,1096.0,784.0,1136.0,792.0,1052.0,872.0,1100.0,856.0,1156.0,874.0,1104.0,896.0
04505d238.jpg,1026.0,614.0,1158.0,612.0,978.0,588.0,1058.0,582.0,1116.0,578.0,1202.0,586.0,1054.0,704.0,1090.0,700.0,1132.0,702.0,1052.0,782.0,1096.0,766.0,1148.0,778.0,1096.0,804.0
04508d50.jpg,990.0,722.0,1118.0,706.0,942.0,694.0,1012.0,680.0,1074.0,674.0,1160.0,670.0,1018.0,796.0,1052.0,792.0,1098.0,788.0,1004.0,856.0,1060.0,832.0,1130.0,848.0,1062.0,904.0
04509d342.jpg,1124.0,894.0,1264.0,900.0,1092.0,868.0,1158.0,872.0,1234.0,872.0,1312.0,864.0,1150.0,984.0,1192.0,980.0,1234.0,982.0,1142.0,1058.0,1198.0,1040.0,1256.0,1052.0,1200.0,1074.0
04509d378.jpg,916.0,820.0,1070.0,818.0,874.0,778.0,956.0,784.0,1046.0,778.0,1114.0,778.0,946.0,912.0,990.0,896.0,1038.0,904.0,942.0,1000.0,992.0,968.0,1054.0,996.0,996.0,1004.0
04511d208.jpg,1266.0,502.0,1402.0,500.0,1218.0,472.0,1292.0,466.0,1372.0,462.0,1456.0,470.0,1304.0,596.0,1332.0,592.0,1362.0,592.0,1288.0,658.0,1330.0,644.0,1380.0,654.0,1334.0,682.0
04512d285.jpg,1050.0,576.0,1190.0,560.0,1020.0,532.0,1072.0,538.0,1152.0,520.0,1214.0,516.0,1076.0,662.0,1118.0,646.0,1174.0,650.0,1070.0,736.0,1128.0,710.0,1208.0,716.0,1132.0,766.0
04512d356.jpg,1076.0,404.0,1224.0,400.0,1022.0,376.0,1088.0,360.0,1206.0,354.0,1278.0,372.0,1098.0,496.0,1146.0,476.0,1192.0,498.0,1090.0,586.0,1148.0,562.0,1208.0,576.0,1152.0,598.0
04513d279.jpg,1320.0,678.0,1472.0,662.0,1272.0,642.0,1340.0,632.0,1422.0,618.0,1502.0,616.0,1354.0,748.0,1392.0,736.0,1430.0,740.0,1352.0,828.0,1402.0,806.0,1454.0,822.0,1402.0,834.0
04514d385.jpg,1058.0,616.0,1204.0,618.0,1016.0,590.0,1098.0,586.0,1180.0,586.0,1254.0,592.0,1082.0,694.0,1130.0,692.0,1176.0,698.0,1056.0,754.0,1126.0,744.0,1196.0,756.0,1126.0,776.0
04514d414.jpg,1184.0,554.0,1316.0,552.0,1140.0,522.0,1218.0,524.0,1288.0,524.0,1364.0,534.0,1206.0,626.0,1246.0,626.0,1286.0,632.0,1186.0,688.0,1242.0,672.0,1304.0,692.0,1244.0,718.0
04530d254.jpg,1046.0,668.0,1222.0,642.0,986.0,646.0,1076.0,624.0,1182.0,600.0,1268.0,604.0,1082.0,762.0,1130.0,748.0,1192.0,746.0,1070.0,848.0,1148.0,822.0,1234.0,826.0,1152.0,876.0
04531d255.jpg,982.0,310.0,1122.0,304.0,944.0,284.0,1014.0,278.0,1080.0,272.0,1170.0,278.0,1012.0,396.0,1056.0,390.0,1100.0,390.0,1000.0,476.0,1058.0,452.0,1130.0,458.0,1058.0,514.0
04531d301.jpg,968.0,566.0,1106.0,562.0,926.0,538.0,1004.0,530.0,1068.0,526.0,1154.0,528.0,1004.0,660.0,1048.0,648.0,1088.0,660.0,996.0,748.0,1044.0,724.0,1096.0,746.0,1048.0,758.0
04531d322.jpg,1170.0,316.0,1296.0,314.0,1120.0,290.0,1194.0,286.0,1256.0,278.0,1342.0,290.0,1192.0,398.0,1230.0,390.0,1278.0,392.0,1182.0,470.0,1238.0,448.0,1308.0,452.0,1240.0,502.0
04531d375.jpg,1092.0,380.0,1244.0,366.0,1026.0,340.0,1122.0,322.0,1198.0,310.0,1286.0,318.0,1128.0,462.0,1178.0,430.0,1228.0,450.0,1130.0,560.0,1184.0,520.0,1240.0,548.0,1186.0,562.0
04531d376.jpg,1086.0,384.0,1242.0,376.0,1032.0,354.0,1124.0,342.0,1198.0,330.0,1296.0,338.0,1118.0,480.0,1178.0,464.0,1226.0,470.0,1110.0,572.0,1180.0,544.0,1258.0,548.0,1188.0,610.0
04535d190.jpg,1134.0,856.0,1274.0,862.0,1090.0,810.0,1164.0,824.0,1242.0,822.0,1320.0,820.0,1160.0,928.0,1204.0,938.0,1244.0,940.0,1134.0,994.0,1196.0,974.0,1256.0,1006.0,1188.0,1042.0
04540d247.jpg,1082.0,474.0,1220.0,474.0,1044.0,436.0,1116.0,436.0,1182.0,436.0,1272.0,442.0,1110.0,550.0,1154.0,540.0,1194.0,550.0,1096.0,620.0,1148.0,596.0,1202.0,622.0,1146.0,650.0
04542d130.jpg,1156.0,636.0,1322.0,642.0,1126.0,600.0,1206.0,612.0,1264.0,614.0,1366.0,606.0,1194.0,740.0,1240.0,732.0,1286.0,734.0,1180.0,818.0,1240.0,800.0,1304.0,814.0,1244.0,840.0
04542d95.jpg,1312.0,688.0,1456.0,688.0,1270.0,662.0,1352.0,672.0,1416.0,656.0,1508.0,652.0,1338.0,766.0,1382.0,780.0,1434.0,764.0,1330.0,836.0,1390.0,820.0,1464.0,830.0,1396.0,888.0
04546d54.jpg,912.0,646.0,1034.0,650.0,894.0,608.0,950.0,614.0,1016.0,612.0,1066.0,608.0,930.0,724.0,966.0,724.0,1010.0,724.0,916.0,766.0,970.0,766.0,1030.0,772.0,968.0,812.0
04553d220.jpg,1072.0,634.0,1208.0,636.0,1048.0,588.0,1118.0,606.0,1182.0,604.0,1262.0,604.0,1094.0,708.0,1138.0,704.0,1172.0,716.0,1094.0,774.0,1136.0,768.0,1190.0,780.0,1134.0,800.0
04556d251.jpg,1112.0,778.0,1262.0,768.0,1074.0,734.0,1136.0,732.0,1232.0,726.0,1302.0,726.0,1144.0,858.0,1186.0,850.0,1236.0,854.0,1144.0,950.0,1192.0,918.0,1252.0,942.0,1194.0,974.0
04557d360.jpg,1224.0,476.0,1352.0,474.0,1200.0,426.0,1250.0,440.0,1328.0,436.0,1372.0,430.0,1246.0,560.0,1286.0,554.0,1328.0,562.0,1234.0,604.0,1292.0,604.0,1346.0,610.0,1292.0,640.0
04560d200.jpg,984.0,476.0,1138.0,476.0,936.0,426.0,1020.0,436.0,1112.0,428.0,1194.0,424.0,1006.0,560.0,1054.0,554.0,1110.0,560.0,988.0,636.0,1054.0,616.0,1126.0,634.0,1058.0,658.0
04560d211.jpg,906.0,460.0,1054.0,460.0,850.0,414.0,940.0,416.0,1032.0,414.0,1106.0,422.0,932.0,550.0,976.0,532.0,1022.0,548.0,920.0,638.0,974.0,614.0,1030.0,636.0,976.0,658.0
04560d359.jpg,942.0,510.0,1084.0,502.0,894.0,464.0,972.0,468.0,1050.0,470.0,1136.0,462.0,968.0,588.0,1018.0,576.0,1062.0,586.0,958.0,658.0,1020.0,638.0,1084.0,644.0,1020.0,670.0
04568d65.jpg,926.0,926.0,1060.0,926.0,886.0,876.0,944.0,876.0,1042.0,876.0,1120.0,886.0,960.0,1016.0,996.0,1010.0,1028.0,1018.0,944.0,1094.0,992.0,1074.0,1040.0,1100.0,992.0,1118.0
04569d327.jpg,1044.0,724.0,1182.0,724.0,1000.0,682.0,1076.0,686.0,1158.0,682.0,1228.0,682.0,1070.0,802.0,1118.0,802.0,1162.0,802.0,1056.0,864.0,1116.0,842.0,1186.0,858.0,1120.0,912.0
04575d315.jpg,1110.0,430.0,1232.0,438.0,1082.0,398.0,1138.0,402.0,1212.0,406.0,1276.0,406.0,1132.0,512.0,1170.0,506.0,1206.0,514.0,1124.0,572.0,1168.0,560.0,1214.0,576.0,1170.0,590.0
04577d246.jpg,1006.0,844.0,1148.0,852.0,954.0,810.0,1044.0,828.0,1120.0,824.0,1202.0,826.0,1032.0,938.0,1068.0,936.0,1108.0,938.0,1014.0,1002.0,1072.0,994.0,1130.0,1010.0,1074.0,1030.0
04577d307.jpg,1190.0,598.0,1318.0,598.0,1148.0,568.0,1224.0,574.0,1292.0,574.0,1368.0,578.0,1212.0,668.0,1246.0,670.0,1292.0,672.0,1188.0,720.0,1252.0,712.0,1314.0,726.0,1252.0,766.0
04579d238.jpg,1072.0,770.0,1216.0,762.0,1054.0,716.0,1106.0,722.0,1180.0,714.0,1230.0,712.0,1114.0,846.0,1150.0,832.0,1192.0,846.0,1112.0,924.0,1156.0,896.0,1204.0,920.0,1156.0,936.0
04579d249.jpg,884.0,782.0,1022.0,778.0,868.0,730.0,922.0,746.0,986.0,730.0,1038.0,726.0,920.0,862.0,958.0,848.0,996.0,860.0,912.0,938.0,958.0,910.0,1014.0,934.0,958.0,950.0
04580d244.jpg,922.0,552.0,1066.0,554.0,888.0,486.0,950.0,498.0,1028.0,494.0,1092.0,494.0,944.0,638.0,1002.0,638.0,1044.0,644.0,936.0,704.0,994.0,690.0,1048.0,710.0,994.0,730.0
04580d334.jpg,1022.0,460.0,1164.0,458.0,984.0,404.0,1054.0,406.0,1128.0,408.0,1196.0,394.0,1052.0,542.0,1106.0,542.0,1144.0,546.0,1048.0,606.0,1102.0,596.0,1156.0,612.0,1100.0,632.0
04580d346.jpg,1118.0,672.0,1252.0,668.0,1078.0,622.0,1150.0,626.0,1220.0,616.0,1280.0,614.0,1146.0,744.0,1206.0,736.0,1248.0,740.0,1136.0,802.0,1198.0,786.0,1254.0,800.0,1200.0,824.0
04580d352.jpg,1158.0,480.0,1292.0,474.0,1120.0,440.0,1184.0,440.0,1252.0,428.0,1320.0,428.0,1186.0,564.0,1238.0,560.0,1278.0,562.0,1182.0,628.0,1236.0,616.0,1288.0,624.0,1236.0,650.0
04580d387.jpg,1110.0,474.0,1246.0,464.0,1076.0,420.0,1132.0,418.0,1204.0,412.0,1274.0,406.0,1142.0,554.0,1186.0,546.0,1226.0,546.0,1136.0,624.0,1186.0,604.0,1236.0,618.0,1190.0,638.0
04585d200.jpg,812.0,940.0,962.0,944.0,768.0,894.0,862.0,902.0,924.0,902.0,1016.0,906.0,850.0,1018.0,890.0,1018.0,924.0,1024.0,828.0,1090.0,882.0,1080.0,940.0,1096.0,884.0,1118.0
04585d206.jpg,1052.0,632.0,1192.0,636.0,1012.0,596.0,1096.0,602.0,1142.0,602.0,1240.0,612.0,1086.0,696.0,1116.0,696.0,1150.0,700.0,1074.0,762.0,1114.0,748.0,1162.0,768.0,1118.0,782.0
04585d236.jpg,780.0,654.0,932.0,624.0,722.0,618.0,818.0,604.0,874.0,590.0,978.0,576.0,826.0,722.0,856.0,708.0,908.0,706.0,834.0,800.0,878.0,766.0,948.0,784.0,884.0,806.0
04588d63.jpg,1038.0,574.0,1180.0,566.0,994.0,528.0,1076.0,534.0,1138.0,528.0,1238.0,528.0,1078.0,650.0,1120.0,630.0,1160.0,644.0,1074.0,726.0,1120.0,690.0,1182.0,720.0,1124.0,740.0
04589d221.jpg,854.0,878.0,992.0,882.0,808.0,838.0,872.0,844.0,962.0,846.0,1044.0,856.0,866.0,956.0,912.0,956.0,960.0,960.0,858.0,1030.0,912.0,1014.0,970.0,1042.0,904.0,1062.0
04593d133.jpg,940.0,516.0,1084.0,524.0,898.0,482.0,976.0,488.0,1040.0,486.0,1128.0,492.0,962.0,606.0,1010.0,604.0,1058.0,612.0,942.0,672.0,1006.0,664.0,1074.0,678.0,1006.0,714.0
04593d139.jpg,966.0,1192.0,1096.0,1198.0,932.0,1160.0,994.0,1168.0,1064.0,1164.0,1118.0,1162.0,986.0,1276.0,1028.0,1268.0,1072.0,1278.0,964.0,1338.0,1026.0,1336.0,1088.0,1344.0,1022.0,1376.0
04593d169.jpg,774.0,862.0,908.0,866.0,746.0,822.0,804.0,836.0,882.0,834.0,938.0,828.0,790.0,946.0,838.0,942.0,884.0,946.0,774.0,1006.0,836.0,998.0,906.0,1016.0,832.0,1048.0
04593d258.jpg,1220.0,1060.0,1376.0,1062.0,1180.0,1016.0,1258.0,1024.0,1344.0,1020.0,1410.0,1022.0,1246.0,1162.0,1300.0,1144.0,1348.0,1164.0,1236.0,1232.0,1298.0,1226.0,1362.0,1238.0,1298.0,1266.0
04595d105.jpg,1282.0,720.0,1418.0,710.0,1252.0,672.0,1318.0,682.0,1378.0,678.0,1436.0,656.0,1306.0,798.0,1346.0,788.0,1392.0,788.0,1314.0,878.0,1358.0,858.0,1408.0,870.0,1358.0,888.0
04596d102.jpg,1312.0,534.0,1442.0,528.0,1280.0,496.0,1358.0,514.0,1420.0,510.0,1482.0,496.0,1352.0,594.0,1386.0,586.0,1418.0,600.0,1340.0,660.0,1382.0,646.0,1432.0,656.0,1390.0,676.0
04596d103.jpg,1324.0,534.0,1446.0,532.0,1294.0,504.0,1358.0,518.0,1422.0,514.0,1482.0,498.0,1350.0,600.0,1392.0,596.0,1430.0,596.0,1336.0,654.0,1390.0,640.0,1442.0,648.0,1390.0,678.0
04596d108.jpg,1102.0,956.0,1234.0,954.0,1076.0,922.0,1138.0,938.0,1208.0,934.0,1280.0,928.0,1134.0,1026.0,1172.0,1014.0,1206.0,1026.0,1122.0,1086.0,1166.0,1072.0,1222.0,1082.0,1166.0,1102.0
04596d149.jpg,1190.0,952.0,1326.0,942.0,1164.0,922.0,1230.0,930.0,1298.0,924.0,1360.0,912.0,1226.0,1018.0,1266.0,1010.0,1308.0,1014.0,1214.0,1072.0,1266.0,1060.0,1328.0,1066.0,1272.0,1102.0
04596d66.jpg,800.0,842.0,920.0,842.0,766.0,804.0,828.0,812.0,900.0,814.0,952.0,794.0,826.0,906.0,880.0,900.0,896.0,916.0,822.0,978.0,860.0,962.0,904.0,974.0,864.0,994.0
04600d190.jpg,1010.0,414.0,1138.0,420.0,950.0,396.0,1038.0,386.0,1108.0,390.0,1204.0,410.0,1030.0,492.0,1074.0,476.0,1112.0,492.0,1018.0,564.0,1072.0,544.0,1132.0,562.0,1072.0,588.0
04603d241.jpg,1204.0,814.0,1360.0,804.0,1148.0,774.0,1234.0,772.0,1330.0,764.0,1404.0,754.0,1242.0,910.0,1290.0,896.0,1338.0,910.0,1240.0,996.0,1292.0,972.0,1350.0,996.0,1292.0,1024.0
04605d268.jpg,1162.0,488.0,1286.0,486.0,1116.0,460.0,1190.0,464.0,1258.0,460.0,1332.0,452.0,1186.0,564.0,1228.0,564.0,1264.0,562.0,1162.0,608.0,1226.0,606.0,1288.0,604.0,1222.0,650.0
04605d273.jpg,1116.0,330.0,1240.0,324.0,1070.0,302.0,1144.0,306.0,1208.0,296.0,1286.0,288.0,1150.0,400.0,1178.0,398.0,1212.0,396.0,1144.0,466.0,1178.0,452.0,1232.0,460.0,1188.0,478.0
04609d180.jpg,782.0,658.0,932.0,654.0,730.0,628.0,830.0,626.0,890.0,622.0,984.0,620.0,822.0,764.0,866.0,772.0,908.0,764.0,820.0,848.0,864.0,834.0,912.0,844.0,866.0,868.0
04609d70.jpg,942.0,570.0,1062.0,592.0,918.0,530.0,986.0,544.0,1046.0,552.0,1116.0,572.0,950.0,658.0,1000.0,666.0,1026.0,682.0,918.0,716.0,980.0,722.0,1032.0,742.0,970.0,764.0
04613d123.jpg,1202.0,524.0,1332.0,534.0,1166.0,494.0,1242.0,498.0,1328.0,500.0,1386.0,510.0,1240.0,612.0,1296.0,614.0,1318.0,620.0,1216.0,680.0,1286.0,666.0,1332.0,682.0,1280.0,706.0
04619d137.jpg,888.0,560.0,1032.0,556.0,850.0,524.0,916.0,534.0,998.0,530.0,1074.0,530.0,934.0,636.0,972.0,638.0,1002.0,638.0,902.0,706.0,974.0,690.0,1036.0,704.0,972.0,754.0
04619d150.jpg,818.0,480.0,966.0,480.0,782.0,442.0,854.0,456.0,930.0,458.0,990.0,448.0,858.0,566.0,898.0,560.0,932.0,564.0,824.0,632.0,896.0,618.0,966.0,626.0,894.0,684.0
04622d262.jpg,1076.0,916.0,1222.0,920.0,1054.0,866.0,1108.0,874.0,1200.0,876.0,1266.0,880.0,1110.0,984.0,1148.0,980.0,1192.0,994.0,1084.0,1070.0,1144.0,1038.0,1204.0,1072.0,1142.0,1082.0
04622d269.jpg,1158.0,820.0,1284.0,828.0,1146.0,780.0,1202.0,792.0,1266.0,794.0,1316.0,788.0,1188.0,888.0,1236.0,884.0,1264.0,890.0,1162.0,948.0,1224.0,934.0,1282.0,954.0,1224.0,988.0
04622d285.jpg,1300.0,650.0,1426.0,652.0,1272.0,608.0,1346.0,618.0,1404.0,622.0,1454.0,618.0,1330.0,710.0,1374.0,710.0,1408.0,720.0,1302.0,776.0,1366.0,762.0,1432.0,780.0,1370.0,812.0
04626d277.jpg,1050.0,752.0,1174.0,758.0,1016.0,708.0,1074.0,712.0,1160.0,708.0,1222.0,724.0,1070.0,836.0,1108.0,832.0,1148.0,840.0,1056.0,902.0,1108.0,886.0,1162.0,902.0,1110.0,924.0
04626d302.jpg,1032.0,696.0,1170.0,708.0,988.0,646.0,1062.0,648.0,1142.0,654.0,1222.0,676.0,1042.0,792.0,1084.0,786.0,1132.0,792.0,1026.0,864.0,1084.0,852.0,1146.0,874.0,1080.0,898.0
04628d269.jpg,1158.0,778.0,1318.0,782.0,1114.0,720.0,1192.0,732.0,1272.0,732.0,1368.0,728.0,1180.0,870.0,1232.0,860.0,1288.0,868.0,1176.0,962.0,1234.0,934.0,1298.0,968.0,1232.0,988.0
04629d172.jpg,1058.0,896.0,1216.0,892.0,1024.0,836.0,1088.0,848.0,1180.0,838.0,1252.0,836.0,1086.0,986.0,1128.0,976.0,1182.0,990.0,1084.0,1070.0,1130.0,1050.0,1194.0,1070.0,1134.0,1090.0
04632d162.jpg,1016.0,550.0,1184.0,552.0,978.0,492.0,1050.0,498.0,1132.0,494.0,1220.0,478.0,1044.0,640.0,1094.0,628.0,1152.0,642.0,1030.0,722.0,1096.0,684.0,1164.0,722.0,1094.0,760.0
04633d208.jpg,994.0,770.0,1122.0,770.0,972.0,726.0,1022.0,738.0,1094.0,732.0,1140.0,724.0,1022.0,852.0,1060.0,848.0,1094.0,850.0,1018.0,916.0,1060.0,898.0,1104.0,914.0,1062.0,936.0
04633d227.jpg,1086.0,734.0,1224.0,728.0,1064.0,690.0,1110.0,698.0,1190.0,692.0,1242.0,680.0,1120.0,820.0,1158.0,812.0,1200.0,814.0,1116.0,878.0,1160.0,860.0,1220.0,868.0,1166.0,904.0
04641d137.jpg,916.0,670.0,1052.0,668.0,878.0,634.0,946.0,624.0,1022.0,628.0,1090.0,636.0,944.0,744.0,976.0,734.0,1020.0,748.0,932.0,830.0,986.0,804.0,1040.0,832.0,982.0,842.0
04641d144.jpg,876.0,502.0,1018.0,502.0,842.0,464.0,908.0,464.0,992.0,464.0,1068.0,468.0,910.0,584.0,948.0,578.0,988.0,586.0,882.0,658.0,956.0,638.0,1016.0,666.0,954.0,694.0
04641d199.jpg,1070.0,570.0,1234.0,570.0,1020.0,542.0,1100.0,526.0,1196.0,526.0,1286.0,526.0,1112.0,658.0,1152.0,646.0,1200.0,670.0,1094.0,760.0,1162.0,730.0,1222.0,762.0,1162.0,780.0
04641d205.jpg,1232.0,508.0,1368.0,510.0,1198.0,478.0,1264.0,472.0,1334.0,474.0,1418.0,470.0,1272.0,586.0,1306.0,574.0,1336.0,590.0,1258.0,662.0,1306.0,638.0,1356.0,664.0,1308.0,680.0
04643d15.jpg,1244.0,1272.0,1384.0,1284.0,1204.0,1236.0,1284.0,1248.0,1362.0,1248.0,1438.0,1246.0,1274.0,1354.0,1320.0,1350.0,1358.0,1360.0,1254.0,1414.0,1310.0,1408.0,1364.0,1422.0,1306.0,1448.0
04644d237.jpg,1082.0,524.0,1210.0,514.0,1026.0,494.0,1106.0,504.0,1190.0,486.0,1274.0,478.0,1116.0,598.0,1152.0,596.0,1192.0,596.0,1102.0,656.0,1156.0,642.0,1218.0,656.0,1158.0,698.0
04645d39.jpg,1060.0,702.0,1194.0,700.0,1032.0,660.0,1096.0,674.0,1172.0,670.0,1248.0,668.0,1096.0,776.0,1126.0,778.0,1164.0,776.0,1074.0,840.0,1130.0,830.0,1188.0,846.0,1124.0,864.0
04645d46.jpg,882.0,976.0,1020.0,982.0,856.0,938.0,920.0,948.0,998.0,954.0,1070.0,940.0,912.0,1050.0,948.0,1058.0,988.0,1054.0,880.0,1114.0,948.0,1102.0,1018.0,1118.0,950.0,1152.0
04650d121.jpg,924.0,630.0,1052.0,630.0,884.0,604.0,970.0,598.0,1026.0,598.0,1104.0,608.0,952.0,694.0,994.0,694.0,1026.0,698.0,926.0,764.0,986.0,746.0,1044.0,762.0,986.0,782.0
04652d116.jpg,900.0,724.0,1038.0,724.0,858.0,686.0,940.0,680.0,1006.0,682.0,1084.0,688.0,928.0,792.0,974.0,792.0,1018.0,794.0,918.0,862.0,968.0,844.0,1030.0,872.0,972.0,884.0
04661d144.jpg,790.0,898.0,932.0,900.0,754.0,866.0,834.0,864.0,896.0,862.0,986.0,876.0,820.0,972.0,862.0,972.0,906.0,974.0,804.0,1040.0,866.0,1032.0,922.0,1040.0,860.0,1066.0
04662d55.jpg,1140.0,718.0,1288.0,712.0,1096.0,686.0,1162.0,692.0,1250.0,688.0,1336.0,674.0,1174.0,806.0,1214.0,812.0,1254.0,810.0,1152.0,866.0,1216.0,862.0,1280.0,872.0,1216.0,912.0
04667d123.jpg,1018.0,976.0,1172.0,980.0,984.0,920.0,1062.0,928.0,1154.0,934.0,1228.0,936.0,1056.0,1054.0,1100.0,1052.0,1138.0,1068.0,1042.0,1142.0,1098.0,1108.0,1156.0,1132.0,1096.0,1164.0
04667d141.jpg,1024.0,456.0,1204.0,462.0,984.0,392.0,1080.0,402.0,1174.0,394.0,1250.0,404.0,1064.0,550.0,1116.0,538.0,1160.0,554.0,1052.0,642.0,1114.0,612.0,1178.0,640.0,1114.0,666.0
04667d153.jpg,1150.0,536.0,1296.0,548.0,1122.0,482.0,1194.0,490.0,1282.0,496.0,1340.0,506.0,1180.0,618.0,1220.0,610.0,1258.0,626.0,1164.0,694.0,1218.0,668.0,1270.0,700.0,1214.0,716.0
04667d165.jpg,1034.0,622.0,1178.0,624.0,994.0,574.0,1070.0,572.0,1156.0,576.0,1224.0,584.0,1068.0,702.0,1108.0,698.0,1146.0,704.0,1054.0,776.0,1104.0,750.0,1154.0,778.0,1102.0,798.0
04667d253.jpg,1126.0,882.0,1262.0,888.0,1098.0,838.0,1160.0,838.0,1242.0,846.0,1296.0,842.0,1164.0,960.0,1200.0,946.0,1234.0,958.0,1150.0,1026.0,1202.0,1004.0,1244.0,1022.0,1200.0,1044.0
04667d264.jpg,1022.0,1042.0,1172.0,1048.0,996.0,982.0,1070.0,990.0,1160.0,992.0,1224.0,1004.0,1056.0,1120.0,1100.0,1114.0,1138.0,1128.0,1050.0,1198.0,1098.0,1174.0,1152.0,1208.0,1098.0,1222.0
04670d258.jpg,1250.0,598.0,1422.0,588.0,1180.0,576.0,1284.0,574.0,1372.0,568.0,1480.0,556.0,1290.0,704.0,1340.0,694.0,1388.0,698.0,1262.0,768.0,1346.0,766.0,1422.0,764.0,1346.0,818.0
04673d166.jpg,880.0,578.0,1038.0,584.0,850.0,530.0,920.0,536.0,996.0,534.0,1078.0,542.0,910.0,662.0,950.0,658.0,1006.0,666.0,900.0,750.0,956.0,724.0,1016.0,758.0,954.0,780.0
04673d258.jpg,1106.0,746.0,1252.0,756.0,1076.0,704.0,1140.0,712.0,1206.0,722.0,1278.0,706.0,1128.0,836.0,1176.0,826.0,1220.0,844.0,1120.0,912.0,1176.0,886.0,1236.0,914.0,1172.0,938.0
04676d142.jpg,1298.0,430.0,1450.0,432.0,1244.0,398.0,1340.0,406.0,1404.0,402.0,1486.0,404.0,1316.0,518.0,1368.0,514.0,1418.0,520.0,1290.0,580.0,1366.0,572.0,1442.0,586.0,1362.0,618.0
04682d163.jpg,1142.0,602.0,1264.0,598.0,1108.0,568.0,1170.0,560.0,1242.0,558.0,1302.0,560.0,1170.0,678.0,1210.0,678.0,1248.0,678.0,1148.0,736.0,1206.0,724.0,1258.0,738.0,1204.0,770.0
04682d206.jpg,1074.0,668.0,1222.0,670.0,1028.0,632.0,1106.0,618.0,1198.0,616.0,1256.0,624.0,1108.0,760.0,1154.0,756.0,1198.0,770.0,1076.0,836.0,1148.0,820.0,1210.0,844.0,1144.0,866.0
04683d325.jpg,1152.0,860.0,1298.0,854.0,1124.0,826.0,1184.0,824.0,1252.0,818.0,1332.0,816.0,1172.0,936.0,1212.0,926.0,1270.0,934.0,1174.0,1018.0,1216.0,992.0,1280.0,1014.0,1216.0,1034.0
04684d161.jpg,1040.0,546.0,1188.0,546.0,990.0,502.0,1078.0,504.0,1144.0,496.0,1212.0,496.0,1058.0,630.0,1110.0,630.0,1166.0,636.0,1046.0,700.0,1110.0,684.0,1184.0,706.0,1108.0,740.0
04686d43.jpg,914.0,892.0,1092.0,886.0,854.0,860.0,934.0,856.0,1054.0,846.0,1138.0,850.0,954.0,1008.0,998.0,1004.0,1054.0,1008.0,944.0,1096.0,1012.0,1074.0,1082.0,1090.0,1010.0,1118.0
04688d01.jpg,1046.0,348.0,1190.0,346.0,996.0,318.0,1072.0,314.0,1158.0,312.0,1248.0,322.0,1082.0,416.0,1128.0,406.0,1164.0,414.0,1056.0,482.0,1122.0,466.0,1192.0,472.0,1126.0,504.0
04689d91.jpg,1022.0,1130.0,1182.0,1122.0,964.0,1080.0,1046.0,1066.0,1148.0,1062.0,1236.0,1068.0,1054.0,1216.0,1100.0,1200.0,1152.0,1214.0,1034.0,1308.0,1110.0,1266.0,1190.0,1286.0,1106.0,1352.0
04691d104.jpg,890.0,764.0,1040.0,762.0,852.0,718.0,910.0,722.0,1014.0,712.0,1098.0,714.0,928.0,860.0,968.0,856.0,1008.0,858.0,928.0,936.0,968.0,916.0,1014.0,928.0,970.0,954.0
04692d12.jpg,1068.0,756.0,1208.0,774.0,1020.0,716.0,1100.0,734.0,1182.0,740.0,1260.0,744.0,1088.0,846.0,1132.0,844.0,1166.0,860.0,1068.0,910.0,1124.0,902.0,1180.0,920.0,1118.0,934.0
04693d12.jpg,896.0,562.0,1034.0,560.0,850.0,524.0,934.0,524.0,988.0,518.0,1090.0,526.0,922.0,634.0,960.0,634.0,1006.0,638.0,916.0,704.0,976.0,694.0,1030.0,704.0,974.0,726.0
04693d18.jpg,1024.0,622.0,1166.0,616.0,974.0,588.0,1074.0,580.0,1116.0,574.0,1214.0,580.0,1054.0,688.0,1094.0,680.0,1138.0,688.0,1044.0,762.0,1094.0,742.0,1146.0,762.0,1096.0,778.0
04696d24.jpg,1062.0,476.0,1212.0,472.0,1020.0,452.0,1090.0,450.0,1178.0,440.0,1248.0,436.0,1096.0,554.0,1140.0,546.0,1180.0,552.0,1094.0,624.0,1138.0,602.0,1192.0,620.0,1140.0,642.0
04697d116.jpg,1206.0,834.0,1332.0,836.0,1170.0,806.0,1240.0,816.0,1312.0,816.0,1374.0,818.0,1240.0,914.0,1272.0,904.0,1302.0,916.0,1226.0,972.0,1274.0,960.0,1320.0,976.0,1272.0,992.0
04697d129.jpg,1204.0,906.0,1334.0,910.0,1162.0,886.0,1242.0,888.0,1316.0,888.0,1384.0,890.0,1242.0,982.0,1278.0,974.0,1308.0,984.0,1204.0,1032.0,1268.0,1024.0,1328.0,1036.0,1270.0,1074.0
04697d49.jpg,926.0,1074.0,1060.0,1078.0,886.0,1046.0,956.0,1054.0,1044.0,1056.0,1104.0,1054.0,954.0,1154.0,1004.0,1154.0,1034.0,1156.0,936.0,1208.0,990.0,1206.0,1040.0,1216.0,996.0,1252.0
04697d99.jpg,1058.0,1070.0,1182.0,1076.0,1024.0,1046.0,1096.0,1056.0,1168.0,1058.0,1224.0,1066.0,1088.0,1146.0,1132.0,1146.0,1160.0,1150.0,1062.0,1196.0,1120.0,1190.0,1166.0,1206.0,1112.0,1236.0
04698d11.jpg,928.0,426.0,1068.0,412.0,892.0,400.0,968.0,394.0,1030.0,380.0,1104.0,386.0,968.0,490.0,998.0,478.0,1046.0,492.0,958.0,578.0,1008.0,542.0,1076.0,562.0,1010.0,602.0
04701d31.jpg,996.0,940.0,1128.0,926.0,948.0,920.0,1016.0,904.0,1096.0,904.0,1174.0,896.0,1032.0,1012.0,1066.0,1014.0,1106.0,1010.0,1010.0,1074.0,1078.0,1058.0,1144.0,1062.0,1080.0,1108.0
04703d19.jpg,686.0,510.0,820.0,506.0,642.0,490.0,718.0,484.0,786.0,482.0,872.0,484.0,718.0,584.0,756.0,582.0,794.0,588.0,690.0,662.0,754.0,638.0,826.0,650.0,756.0,688.0
04703d71.jpg,1114.0,538.0,1238.0,536.0,1066.0,512.0,1148.0,510.0,1210.0,506.0,1294.0,516.0,1144.0,612.0,1180.0,612.0,1220.0,614.0,1124.0,680.0,1182.0,662.0,1246.0,674.0,1182.0,710.0
04703d83.jpg,1178.0,430.0,1306.0,418.0,1124.0,416.0,1208.0,394.0,1274.0,392.0,1356.0,400.0,1212.0,498.0,1250.0,492.0,1288.0,496.0,1194.0,572.0,1252.0,546.0,1318.0,558.0,1256.0,590.0
04703d84.jpg,1142.0,560.0,1262.0,556.0,1086.0,542.0,1168.0,526.0,1234.0,522.0,1314.0,536.0,1170.0,630.0,1206.0,618.0,1242.0,630.0,1158.0,696.0,1208.0,674.0,1268.0,692.0,1210.0,706.0
04703d94.jpg,802.0,568.0,936.0,556.0,742.0,542.0,826.0,528.0,890.0,520.0,992.0,534.0,826.0,646.0,868.0,634.0,912.0,638.0,818.0,722.0,870.0,696.0,936.0,712.0,876.0,734.0
04704d00.jpg,956.0,780.0,1102.0,786.0,904.0,746.0,978.0,754.0,1062.0,756.0,1154.0,752.0,992.0,848.0,1026.0,844.0,1066.0,854.0,982.0,928.0,1028.0,902.0,1080.0,926.0,1028.0,934.0
04705d00.jpg,1036.0,656.0,1174.0,664.0,996.0,616.0,1086.0,626.0,1136.0,624.0,1222.0,630.0,1058.0,722.0,1100.0,714.0,1144.0,728.0,1032.0,782.0,1100.0,766.0,1164.0,798.0,1096.0,804.0
04708d07.jpg,838.0,892.0,986.0,890.0,802.0,858.0,880.0,854.0,954.0,850.0,1026.0,848.0,866.0,974.0,904.0,972.0,964.0,978.0,858.0,1052.0,918.0,1030.0,988.0,1048.0,918.0,1076.0
04708d153.jpg,1050.0,1070.0,1226.0,1054.0,1004.0,1022.0,1090.0,1006.0,1186.0,994.0,1276.0,1008.0,1092.0,1162.0,1144.0,1152.0,1202.0,1154.0,1096.0,1256.0,1150.0,1220.0,1218.0,1240.0,1160.0,1280.0
04708d19.jpg,1012.0,914.0,1164.0,900.0,968.0,868.0,1042.0,864.0,1126.0,854.0,1210.0,858.0,1042.0,996.0,1082.0,988.0,1142.0,988.0,1036.0,1072.0,1100.0,1050.0,1168.0,1058.0,1102.0,1100.0
04711d138.jpg,1166.0,1114.0,1348.0,1110.0,1128.0,1058.0,1220.0,1076.0,1316.0,1068.0,1408.0,1062.0,1220.0,1218.0,1274.0,1210.0,1312.0,1216.0,1200.0,1290.0,1270.0,1272.0,1334.0,1290.0,1270.0,1312.0
04712d61.jpg,1480.0,532.0,1596.0,534.0,1436.0,504.0,1514.0,508.0,1576.0,504.0,1652.0,516.0,1508.0,592.0,1542.0,590.0,1570.0,596.0,1490.0,664.0,1532.0,644.0,1578.0,672.0,1530.0,682.0
04712d62.jpg,1490.0,524.0,1600.0,528.0,1440.0,504.0,1520.0,506.0,1578.0,504.0,1652.0,512.0,1510.0,588.0,1544.0,588.0,1576.0,592.0,1488.0,654.0,1542.0,640.0,1590.0,656.0,1544.0,676.0
04712d81.jpg,1180.0,504.0,1310.0,498.0,1120.0,486.0,1204.0,482.0,1278.0,472.0,1370.0,478.0,1206.0,582.0,1244.0,574.0,1284.0,584.0,1198.0,660.0,1246.0,634.0,1296.0,658.0,1244.0,678.0
04714d18.jpg,1158.0,642.0,1320.0,640.0,1108.0,594.0,1202.0,596.0,1282.0,584.0,1352.0,578.0,1188.0,728.0,1240.0,704.0,1292.0,722.0,1190.0,812.0,1240.0,776.0,1308.0,810.0,1240.0,826.0
04714d19.jpg,1158.0,704.0,1318.0,712.0,1120.0,650.0,1210.0,670.0,1276.0,670.0,1364.0,668.0,1186.0,798.0,1242.0,796.0,1288.0,808.0,1170.0,884.0,1242.0,868.0,1296.0,892.0,1232.0,910.0
04715d00.jpg,892.0,646.0,1030.0,658.0,854.0,604.0,928.0,620.0,1002.0,622.0,1074.0,618.0,918.0,730.0,956.0,728.0,992.0,738.0,898.0,800.0,950.0,784.0,1002.0,806.0,952.0,822.0
04715d06.jpg,952.0,644.0,1100.0,650.0,902.0,604.0,992.0,616.0,1062.0,620.0,1150.0,614.0,986.0,734.0,1024.0,730.0,1062.0,742.0,970.0,808.0,1024.0,790.0,1078.0,812.0,1024.0,832.0
04715d27.jpg,1122.0,344.0,1286.0,354.0,1082.0,308.0,1162.0,314.0,1254.0,316.0,1354.0,324.0,1154.0,444.0,1202.0,446.0,1246.0,454.0,1118.0,506.0,1202.0,506.0,1278.0,510.0,1196.0,560.0
04719d125.jpg,1256.0,456.0,1398.0,446.0,1212.0,440.0,1308.0,418.0,1352.0,416.0,1450.0,426.0,1296.0,534.0,1342.0,532.0,1374.0,532.0,1274.0,596.0,1338.0,586.0,1400.0,586.0,1340.0,632.0
04720d51.jpg,1228.0,662.0,1358.0,660.0,1178.0,630.0,1264.0,640.0,1326.0,634.0,1412.0,632.0,1256.0,730.0,1300.0,726.0,1340.0,736.0,1234.0,782.0,1298.0,774.0,1364.0,778.0,1294.0,830.0
04725d18.jpg,854.0,960.0,990.0,950.0,808.0,920.0,884.0,920.0,974.0,910.0,1044.0,908.0,892.0,1024.0,936.0,1014.0,970.0,1024.0,890.0,1094.0,934.0,1074.0,980.0,1090.0,936.0,1102.0
04726d119.jpg,1028.0,850.0,1168.0,846.0,976.0,812.0,1060.0,808.0,1138.0,806.0,1216.0,806.0,1056.0,934.0,1104.0,926.0,1148.0,936.0,1044.0,1000.0,1100.0,986.0,1162.0,994.0,1104.0,1020.0
04728d63.jpg,1180.0,620.0,1312.0,614.0,1142.0,594.0,1206.0,598.0,1294.0,596.0,1360.0,588.0,1210.0,684.0,1252.0,684.0,1290.0,684.0,1188.0,732.0,1252.0,722.0,1312.0,732.0,1250.0,774.0
04731d13.jpg,1134.0,372.0,1276.0,370.0,1082.0,336.0,1170.0,336.0,1242.0,330.0,1328.0,330.0,1168.0,444.0,1210.0,440.0,1254.0,446.0,1150.0,520.0,1210.0,490.0,1274.0,518.0,1210.0,546.0
04734d06.jpg,904.0,762.0,1052.0,766.0,866.0,708.0,946.0,722.0,1016.0,720.0,1092.0,710.0,932.0,850.0,972.0,848.0,1014.0,858.0,928.0,926.0,974.0,904.0,1032.0,932.0,974.0,952.0
04734d07.jpg,904.0,758.0,1054.0,764.0,862.0,698.0,942.0,716.0,1026.0,712.0,1102.0,702.0,928.0,846.0,974.0,844.0,1016.0,854.0,922.0,914.0,974.0,900.0,1036.0,912.0,968.0,950.0
04734d124.jpg,1016.0,694.0,1144.0,684.0,966.0,654.0,1044.0,654.0,1108.0,650.0,1182.0,640.0,1046.0,770.0,1080.0,764.0,1120.0,770.0,1044.0,832.0,1084.0,812.0,1138.0,832.0,1088.0,856.0
04734d13.jpg,892.0,1156.0,1026.0,1158.0,850.0,1106.0,918.0,1120.0,988.0,1120.0,1054.0,1108.0,916.0,1240.0,952.0,1240.0,996.0,1244.0,908.0,1308.0,956.0,1292.0,1016.0,1304.0,956.0,1332.0
04735d06.jpg,778.0,754.0,920.0,748.0,726.0,728.0,814.0,722.0,880.0,718.0,970.0,718.0,804.0,826.0,844.0,820.0,896.0,820.0,796.0,904.0,854.0,870.0,914.0,900.0,854.0,916.0
04735d24.jpg,846.0,672.0,986.0,652.0,788.0,652.0,878.0,644.0,940.0,630.0,1048.0,622.0,876.0,746.0,916.0,738.0,966.0,734.0,882.0,824.0,928.0,788.0,986.0,812.0,930.0,838.0
04737d24.jpg,1342.0,452.0,1488.0,446.0,1286.0,432.0,1384.0,428.0,1468.0,412.0,1536.0,406.0,1386.0,534.0,1438.0,538.0,1468.0,534.0,1376.0,616.0,1438.0,592.0,1484.0,612.0,1438.0,632.0
04742d00.jpg,1144.0,608.0,1298.0,590.0,1112.0,584.0,1172.0,570.0,1262.0,560.0,1346.0,568.0,1178.0,698.0,1218.0,688.0,1268.0,692.0,1178.0,776.0,1234.0,750.0,1288.0,764.0,1236.0,782.0
04742d55.jpg,894.0,312.0,1038.0,304.0,844.0,290.0,914.0,280.0,996.0,274.0,1080.0,282.0,918.0,410.0,956.0,398.0,1006.0,402.0,892.0,468.0,958.0,454.0,1032.0,462.0,958.0,492.0
04743d104.jpg,1136.0,556.0,1284.0,544.0,1090.0,536.0,1172.0,522.0,1246.0,518.0,1326.0,514.0,1178.0,644.0,1222.0,636.0,1254.0,636.0,1176.0,730.0,1226.0,706.0,1272.0,718.0,1230.0,736.0
04745d113.jpg,1204.0,996.0,1332.0,990.0,1156.0,966.0,1228.0,962.0,1294.0,954.0,1378.0,962.0,1238.0,1074.0,1266.0,1072.0,1298.0,1066.0,1222.0,1136.0,1272.0,1118.0,1322.0,1132.0,1276.0,1156.0
04745d118.jpg,928.0,648.0,1060.0,640.0,872.0,620.0,956.0,608.0,1032.0,598.0,1118.0,598.0,964.0,728.0,996.0,728.0,1026.0,730.0,956.0,802.0,1000.0,780.0,1056.0,798.0,1010.0,816.0
04745d119.jpg,950.0,644.0,1082.0,638.0,890.0,616.0,978.0,602.0,1048.0,590.0,1138.0,598.0,984.0,726.0,1022.0,726.0,1060.0,720.0,970.0,788.0,1028.0,770.0,1090.0,778.0,1028.0,812.0
04745d13.jpg,1018.0,876.0,1172.0,878.0,966.0,832.0,1056.0,830.0,1136.0,830.0,1230.0,828.0,1058.0,968.0,1098.0,966.0,1144.0,970.0,1038.0,1050.0,1102.0,1030.0,1164.0,1042.0,1100.0,1062.0
04745d149.jpg,1070.0,698.0,1190.0,692.0,1020.0,670.0,1090.0,664.0,1154.0,654.0,1240.0,658.0,1100.0,776.0,1128.0,776.0,1170.0,772.0,1080.0,826.0,1136.0,816.0,1198.0,822.0,1136.0,852.0
04745d161.jpg,918.0,676.0,1066.0,666.0,860.0,648.0,942.0,632.0,1022.0,618.0,1122.0,622.0,958.0,760.0,990.0,764.0,1036.0,758.0,946.0,834.0,1002.0,812.0,1066.0,824.0,1004.0,854.0
04746d12.jpg,874.0,884.0,1020.0,876.0,832.0,846.0,914.0,840.0,982.0,838.0,1074.0,834.0,904.0,958.0,940.0,954.0,990.0,956.0,896.0,1034.0,948.0,1014.0,1008.0,1030.0,948.0,1056.0
04749d102.jpg,1096.0,590.0,1232.0,578.0,1048.0,572.0,1126.0,558.0,1184.0,546.0,1278.0,554.0,1130.0,668.0,1162.0,662.0,1196.0,664.0,1120.0,736.0,1164.0,718.0,1220.0,726.0,1168.0,752.0
04749d12.jpg,1002.0,280.0,1144.0,270.0,950.0,260.0,1032.0,242.0,1118.0,234.0,1192.0,242.0,1034.0,354.0,1072.0,346.0,1108.0,352.0,1024.0,426.0,1072.0,406.0,1128.0,424.0,1074.0,444.0
04749d123.jpg,870.0,530.0,1026.0,520.0,812.0,512.0,910.0,490.0,996.0,484.0,1096.0,502.0,902.0,620.0,952.0,618.0,992.0,616.0,880.0,682.0,954.0,670.0,1028.0,678.0,952.0,730.0
04753d12.jpg,996.0,594.0,1152.0,592.0,954.0,554.0,1040.0,558.0,1110.0,550.0,1202.0,542.0,1028.0,688.0,1072.0,678.0,1122.0,684.0,1036.0,770.0,1078.0,748.0,1128.0,762.0,1076.0,782.0
04754d129.jpg,1298.0,922.0,1442.0,920.0,1254.0,892.0,1322.0,894.0,1410.0,892.0,1492.0,898.0,1334.0,1002.0,1374.0,1010.0,1408.0,1004.0,1314.0,1054.0,1376.0,1042.0,1438.0,1056.0,1380.0,1092.0
04754d171.jpg,1284.0,928.0,1460.0,926.0,1220.0,898.0,1318.0,898.0,1424.0,894.0,1518.0,902.0,1324.0,1032.0,1372.0,1040.0,1420.0,1036.0,1304.0,1090.0,1374.0,1080.0,1444.0,1094.0,1370.0,1142.0
04754d54.jpg,910.0,640.0,1056.0,640.0,858.0,610.0,930.0,608.0,1040.0,602.0,1112.0,608.0,948.0,722.0,980.0,724.0,1022.0,724.0,940.0,788.0,986.0,780.0,1042.0,786.0,992.0,816.0
04756d42.jpg,882.0,584.0,1020.0,574.0,838.0,558.0,912.0,550.0,988.0,544.0,1062.0,546.0,920.0,672.0,958.0,668.0,1000.0,668.0,906.0,738.0,966.0,720.0,1034.0,724.0,966.0,784.0
04757d111.jpg,964.0,970.0,1116.0,968.0,922.0,920.0,986.0,926.0,1084.0,920.0,1162.0,914.0,996.0,1064.0,1034.0,1056.0,1080.0,1064.0,990.0,1128.0,1042.0,1104.0,1100.0,1124.0,1036.0,1156.0
04757d47.jpg,1026.0,930.0,1164.0,928.0,982.0,882.0,1052.0,894.0,1132.0,888.0,1210.0,878.0,1054.0,1016.0,1090.0,1012.0,1126.0,1018.0,1044.0,1076.0,1098.0,1066.0,1144.0,1078.0,1094.0,1100.0
04759d07.jpg,894.0,538.0,1040.0,520.0,840.0,516.0,926.0,494.0,980.0,486.0,1094.0,494.0,928.0,610.0,962.0,600.0,1008.0,612.0,910.0,690.0,974.0,658.0,1042.0,680.0,980.0,728.0
04763d01.jpg,938.0,598.0,1094.0,592.0,888.0,560.0,988.0,558.0,1054.0,546.0,1144.0,542.0,974.0,686.0,1014.0,680.0,1064.0,686.0,968.0,768.0,1022.0,748.0,1080.0,756.0,1026.0,786.0
04763d13.jpg,986.0,446.0,1136.0,430.0,936.0,408.0,1024.0,406.0,1086.0,392.0,1192.0,392.0,1018.0,532.0,1050.0,524.0,1102.0,526.0,1012.0,606.0,1068.0,594.0,1124.0,596.0,1068.0,626.0
04763d138.jpg,1168.0,880.0,1314.0,876.0,1128.0,844.0,1206.0,842.0,1276.0,834.0,1354.0,834.0,1202.0,970.0,1236.0,966.0,1272.0,966.0,1198.0,1046.0,1242.0,1028.0,1296.0,1040.0,1250.0,1064.0
04763d145.jpg,1264.0,910.0,1424.0,906.0,1212.0,868.0,1306.0,862.0,1376.0,862.0,1482.0,864.0,1296.0,1012.0,1348.0,996.0,1392.0,1004.0,1272.0,1080.0,1344.0,1070.0,1412.0,1074.0,1344.0,1104.0
04764d07.jpg,998.0,630.0,1150.0,636.0,948.0,592.0,1040.0,602.0,1096.0,602.0,1200.0,598.0,1022.0,716.0,1070.0,718.0,1122.0,716.0,1002.0,782.0,1072.0,770.0,1146.0,784.0,1072.0,822.0
04765d145.jpg,1056.0,788.0,1204.0,778.0,998.0,742.0,1084.0,750.0,1172.0,742.0,1260.0,726.0,1088.0,874.0,1142.0,862.0,1188.0,866.0,1072.0,934.0,1144.0,926.0,1210.0,930.0,1148.0,982.0
04765d25.jpg,1126.0,330.0,1246.0,328.0,1078.0,288.0,1148.0,292.0,1218.0,292.0,1300.0,294.0,1144.0,394.0,1186.0,384.0,1230.0,398.0,1128.0,456.0,1186.0,446.0,1242.0,458.0,1188.0,486.0
04765d37.jpg,824.0,1052.0,950.0,1058.0,786.0,1006.0,858.0,1018.0,926.0,1016.0,994.0,1018.0,842.0,1120.0,888.0,1118.0,930.0,1126.0,832.0,1176.0,888.0,1172.0,944.0,1188.0,882.0,1216.0
04765d68.jpg,1080.0,1234.0,1206.0,1236.0,1032.0,1192.0,1102.0,1200.0,1182.0,1200.0,1252.0,1196.0,1104.0,1312.0,1146.0,1306.0,1184.0,1316.0,1106.0,1384.0,1146.0,1366.0,1194.0,1382.0,1148.0,1398.0
04765d69.jpg,1090.0,1238.0,1216.0,1240.0,1036.0,1194.0,1110.0,1200.0,1188.0,1204.0,1266.0,1198.0,1114.0,1312.0,1154.0,1308.0,1194.0,1316.0,1102.0,1384.0,1154.0,1370.0,1206.0,1382.0,1154.0,1398.0
04768d113.jpg,1284.0,780.0,1424.0,780.0,1248.0,728.0,1320.0,742.0,1390.0,736.0,1450.0,728.0,1310.0,868.0,1362.0,866.0,1402.0,864.0,1298.0,926.0,1362.0,912.0,1428.0,912.0,1368.0,962.0
04768d142.jpg,1224.0,368.0,1384.0,364.0,1170.0,316.0,1256.0,316.0,1342.0,312.0,1414.0,306.0,1256.0,462.0,1310.0,450.0,1352.0,462.0,1254.0,542.0,1308.0,518.0,1376.0,542.0,1312.0,570.0
04769d00.jpg,982.0,600.0,1126.0,598.0,926.0,560.0,1012.0,560.0,1080.0,566.0,1178.0,558.0,1012.0,684.0,1056.0,682.0,1094.0,682.0,998.0,756.0,1060.0,740.0,1118.0,748.0,1062.0,786.0
04773d120.jpg,1056.0,872.0,1180.0,874.0,1010.0,846.0,1094.0,852.0,1146.0,846.0,1226.0,842.0,1094.0,946.0,1130.0,938.0,1152.0,944.0,1078.0,1020.0,1124.0,1002.0,1174.0,1024.0,1126.0,1030.0
04773d48.jpg,910.0,926.0,1038.0,928.0,866.0,900.0,940.0,898.0,1010.0,898.0,1078.0,894.0,948.0,998.0,984.0,994.0,1008.0,1004.0,926.0,1080.0,978.0,1056.0,1032.0,1082.0,978.0,1094.0
04774d48.jpg,780.0,970.0,912.0,976.0,740.0,930.0,816.0,940.0,884.0,940.0,964.0,942.0,810.0,1052.0,844.0,1046.0,876.0,1058.0,794.0,1124.0,842.0,1106.0,898.0,1124.0,846.0,1144.0
04775d106.jpg,1014.0,566.0,1176.0,554.0,952.0,536.0,1062.0,530.0,1122.0,522.0,1240.0,520.0,1054.0,648.0,1100.0,636.0,1148.0,646.0,1054.0,740.0,1104.0,700.0,1170.0,730.0,1110.0,756.0
04775d37.jpg,1040.0,656.0,1194.0,652.0,978.0,634.0,1086.0,624.0,1142.0,620.0,1256.0,628.0,1070.0,728.0,1114.0,728.0,1166.0,728.0,1042.0,800.0,1122.0,774.0,1196.0,794.0,1124.0,838.0
04775d54.jpg,870.0,700.0,1018.0,694.0,808.0,670.0,914.0,664.0,972.0,660.0,1076.0,662.0,900.0,768.0,946.0,760.0,986.0,766.0,888.0,850.0,950.0,822.0,1010.0,848.0,946.0,860.0
04776d01.jpg,982.0,374.0,1116.0,368.0,922.0,342.0,1010.0,332.0,1086.0,328.0,1184.0,340.0,1004.0,444.0,1050.0,430.0,1094.0,444.0,988.0,528.0,1048.0,500.0,1126.0,522.0,1052.0,560.0
04776d25.jpg,1110.0,766.0,1244.0,764.0,1052.0,742.0,1140.0,728.0,1214.0,728.0,1308.0,744.0,1130.0,840.0,1178.0,830.0,1218.0,838.0,1112.0,916.0,1180.0,896.0,1254.0,916.0,1178.0,962.0
04777d112.jpg,1154.0,716.0,1266.0,706.0,1108.0,696.0,1172.0,688.0,1246.0,676.0,1312.0,676.0,1176.0,778.0,1212.0,772.0,1252.0,780.0,1170.0,846.0,1214.0,820.0,1268.0,840.0,1222.0,868.0
04777d94.jpg,1304.0,698.0,1424.0,690.0,1262.0,680.0,1336.0,674.0,1396.0,668.0,1468.0,664.0,1334.0,766.0,1372.0,760.0,1404.0,760.0,1326.0,830.0,1376.0,812.0,1428.0,826.0,1374.0,852.0
04778d00.jpg,946.0,592.0,1070.0,584.0,902.0,568.0,974.0,566.0,1046.0,546.0,1114.0,536.0,974.0,674.0,1014.0,666.0,1056.0,664.0,974.0,748.0,1020.0,726.0,1072.0,742.0,1022.0,762.0
04780d76.jpg,854.0,874.0,988.0,878.0,808.0,846.0,884.0,846.0,962.0,844.0,1038.0,850.0,882.0,960.0,922.0,960.0,958.0,962.0,870.0,1048.0,924.0,1024.0,972.0,1042.0,922.0,1064.0
04782d00.jpg,1004.0,838.0,1144.0,836.0,954.0,796.0,1034.0,808.0,1122.0,806.0,1204.0,804.0,1034.0,922.0,1074.0,928.0,1110.0,922.0,1026.0,1000.0,1072.0,982.0,1126.0,1002.0,1068.0,1022.0
04782d43.jpg,848.0,568.0,986.0,556.0,788.0,538.0,876.0,532.0,952.0,520.0,1034.0,510.0,882.0,650.0,926.0,642.0,968.0,638.0,866.0,716.0,932.0,694.0,998.0,704.0,934.0,746.0
04783d12.jpg,1064.0,398.0,1198.0,396.0,1008.0,360.0,1096.0,358.0,1176.0,352.0,1246.0,350.0,1104.0,474.0,1146.0,460.0,1172.0,470.0,1086.0,544.0,1142.0,528.0,1184.0,544.0,1140.0,558.0
04785d07.jpg,866.0,812.0,1042.0,804.0,810.0,768.0,920.0,772.0,978.0,768.0,1086.0,750.0,908.0,890.0,960.0,874.0,1008.0,882.0,900.0,968.0,964.0,938.0,1032.0,962.0,972.0,1000.0
04786d25.jpg,1386.0,992.0,1532.0,1000.0,1340.0,950.0,1406.0,958.0,1508.0,962.0,1590.0,950.0,1410.0,1080.0,1458.0,1078.0,1510.0,1084.0,1396.0,1146.0,1456.0,1136.0,1524.0,1152.0,1450.0,1188.0
04786d75.jpg,1190.0,712.0,1318.0,706.0,1146.0,678.0,1212.0,686.0,1288.0,686.0,1364.0,668.0,1222.0,790.0,1260.0,780.0,1304.0,782.0,1212.0,846.0,1264.0,830.0,1328.0,834.0,1264.0,874.0
04787d18.jpg,974.0,746.0,1108.0,748.0,932.0,710.0,1022.0,702.0,1078.0,704.0,1162.0,720.0,1010.0,828.0,1048.0,822.0,1084.0,828.0,992.0,890.0,1050.0,876.0,1104.0,884.0,1050.0,908.0
04788d00.jpg,1014.0,536.0,1150.0,530.0,966.0,512.0,1056.0,506.0,1112.0,500.0,1200.0,502.0,1052.0,610.0,1084.0,602.0,1126.0,606.0,1036.0,684.0,1090.0,662.0,1146.0,682.0,1090.0,700.0
04794d31.jpg,1032.0,736.0,1182.0,730.0,974.0,706.0,1062.0,702.0,1148.0,694.0,1238.0,694.0,1064.0,826.0,1110.0,830.0,1160.0,828.0,1060.0,904.0,1112.0,876.0,1178.0,892.0,1118.0,934.0
04796d00.jpg,1168.0,1030.0,1312.0,1026.0,1124.0,992.0,1200.0,998.0,1282.0,992.0,1360.0,996.0,1208.0,1108.0,1246.0,1104.0,1280.0,1108.0,1198.0,1186.0,1242.0,1164.0,1294.0,1184.0,1242.0,1198.0
04796d30.jpg,876.0,896.0,1010.0,894.0,834.0,850.0,906.0,868.0,984.0,860.0,1054.0,858.0,912.0,966.0,950.0,966.0,980.0,968.0,900.0,1038.0,942.0,1018.0,988.0,1042.0,946.0,1050.0
04797d60.jpg,1020.0,536.0,1158.0,532.0,974.0,504.0,1054.0,504.0,1110.0,502.0,1214.0,506.0,1050.0,602.0,1088.0,592.0,1124.0,608.0,1036.0,682.0,1080.0,662.0,1136.0,682.0,1082.0,702.0
04797d92.jpg,940.0,466.0,1094.0,468.0,886.0,438.0,982.0,438.0,1062.0,436.0,1144.0,442.0,980.0,542.0,1024.0,530.0,1056.0,548.0,960.0,634.0,1016.0,610.0,1078.0,628.0,1016.0,638.0
04798d37.jpg,1440.0,454.0,1572.0,468.0,1398.0,420.0,1468.0,440.0,1554.0,448.0,1630.0,444.0,1466.0,540.0,1502.0,550.0,1540.0,546.0,1438.0,598.0,1494.0,598.0,1554.0,616.0,1490.0,628.0
04802d31.jpg,1078.0,574.0,1248.0,572.0,1030.0,530.0,1114.0,532.0,1212.0,538.0,1292.0,542.0,1112.0,660.0,1172.0,644.0,1218.0,662.0,1104.0,748.0,1172.0,714.0,1230.0,748.0,1174.0,742.0
04802d32.jpg,1046.0,552.0,1212.0,550.0,1012.0,506.0,1082.0,514.0,1178.0,514.0,1256.0,514.0,1078.0,632.0,1138.0,626.0,1188.0,634.0,1060.0,722.0,1132.0,694.0,1202.0,718.0,1136.0,750.0
04803d24.jpg,1038.0,370.0,1172.0,380.0,990.0,338.0,1076.0,344.0,1152.0,340.0,1224.0,354.0,1064.0,456.0,1106.0,452.0,1144.0,462.0,1044.0,514.0,1102.0,512.0,1156.0,526.0,1100.0,542.0
04803d37.jpg,952.0,752.0,1088.0,760.0,900.0,730.0,986.0,730.0,1058.0,724.0,1146.0,734.0,982.0,832.0,1018.0,834.0,1064.0,840.0,960.0,890.0,1018.0,886.0,1086.0,892.0,1020.0,926.0
04803d43.jpg,956.0,972.0,1094.0,976.0,906.0,954.0,990.0,944.0,1068.0,938.0,1148.0,950.0,984.0,1054.0,1028.0,1054.0,1076.0,1056.0,968.0,1110.0,1034.0,1102.0,1086.0,1116.0,1026.0,1148.0
04804d01.jpg,980.0,786.0,1130.0,790.0,928.0,748.0,1022.0,768.0,1100.0,768.0,1186.0,752.0,1010.0,868.0,1058.0,874.0,1102.0,872.0,994.0,932.0,1054.0,928.0,1114.0,936.0,1052.0,966.0
04805d10.jpg,1052.0,946.0,1186.0,952.0,1016.0,904.0,1090.0,906.0,1154.0,912.0,1232.0,926.0,1080.0,1018.0,1116.0,1008.0,1150.0,1018.0,1060.0,1086.0,1118.0,1068.0,1170.0,1090.0,1116.0,1106.0
04807d00.jpg,1116.0,420.0,1244.0,422.0,1080.0,394.0,1144.0,394.0,1214.0,394.0,1276.0,394.0,1146.0,494.0,1178.0,494.0,1212.0,494.0,1136.0,552.0,1186.0,552.0,1234.0,552.0,1186.0,580.0
04809d31.jpg,758.0,856.0,898.0,862.0,708.0,806.0,788.0,818.0,866.0,822.0,954.0,824.0,784.0,922.0,824.0,922.0,866.0,926.0,764.0,990.0,826.0,976.0,880.0,996.0,818.0,1024.0
04810d107.jpg,1128.0,932.0,1268.0,926.0,1082.0,910.0,1160.0,900.0,1236.0,890.0,1312.0,898.0,1170.0,1012.0,1206.0,1002.0,1238.0,1006.0,1164.0,1076.0,1208.0,1062.0,1256.0,1072.0,1204.0,1084.0
04810d63.jpg,1254.0,972.0,1390.0,958.0,1210.0,950.0,1290.0,936.0,1356.0,924.0,1424.0,934.0,1290.0,1038.0,1328.0,1030.0,1364.0,1028.0,1286.0,1098.0,1334.0,1080.0,1384.0,1092.0,1334.0,1114.0
04811d103.jpg,960.0,844.0,1124.0,838.0,902.0,820.0,988.0,802.0,1098.0,790.0,1184.0,796.0,1002.0,924.0,1046.0,908.0,1090.0,920.0,990.0,1022.0,1054.0,980.0,1124.0,998.0,1058.0,1054.0
04811d84.jpg,814.0,572.0,966.0,570.0,750.0,544.0,842.0,538.0,930.0,534.0,1020.0,538.0,852.0,654.0,892.0,640.0,926.0,650.0,840.0,740.0,894.0,720.0,952.0,742.0,896.0,756.0
04812d06.jpg,1286.0,1080.0,1414.0,1070.0,1244.0,1046.0,1312.0,1046.0,1388.0,1042.0,1456.0,1030.0,1314.0,1156.0,1356.0,1150.0,1394.0,1142.0,1310.0,1228.0,1366.0,1194.0,1428.0,1216.0,1370.0,1240.0
04812d65.jpg,1202.0,640.0,1320.0,626.0,1160.0,612.0,1222.0,608.0,1294.0,596.0,1360.0,590.0,1228.0,698.0,1262.0,698.0,1296.0,688.0,1208.0,766.0,1276.0,734.0,1336.0,744.0,1278.0,794.0
04813d72.jpg,1098.0,402.0,1228.0,400.0,1054.0,370.0,1124.0,374.0,1200.0,368.0,1272.0,362.0,1128.0,482.0,1158.0,480.0,1190.0,484.0,1120.0,540.0,1162.0,526.0,1212.0,540.0,1158.0,560.0
04815d06.jpg,830.0,640.0,980.0,624.0,780.0,606.0,866.0,588.0,944.0,580.0,1032.0,588.0,856.0,716.0,906.0,700.0,968.0,706.0,860.0,798.0,922.0,768.0,990.0,784.0,926.0,812.0
04815d100.jpg,1244.0,950.0,1398.0,934.0,1190.0,908.0,1286.0,900.0,1356.0,888.0,1444.0,886.0,1272.0,1022.0,1324.0,1012.0,1382.0,1016.0,1272.0,1114.0,1328.0,1084.0,1396.0,1100.0,1332.0,1130.0
04815d186.jpg,612.0,814.0,782.0,814.0,550.0,766.0,648.0,756.0,740.0,756.0,850.0,766.0,636.0,908.0,698.0,888.0,756.0,904.0,626.0,998.0,700.0,964.0,766.0,992.0,698.0,1012.0
04816d19.jpg,1076.0,668.0,1226.0,664.0,1032.0,620.0,1118.0,622.0,1198.0,618.0,1270.0,636.0,1100.0,732.0,1152.0,724.0,1206.0,732.0,1084.0,798.0,1158.0,782.0,1224.0,798.0,1162.0,838.0
04816d46.jpg,880.0,528.0,1042.0,520.0,836.0,476.0,920.0,470.0,1006.0,468.0,1098.0,488.0,918.0,608.0,970.0,594.0,1020.0,600.0,920.0,694.0,972.0,656.0,1026.0,688.0,978.0,734.0
04818d01.jpg,1010.0,528.0,1158.0,534.0,978.0,478.0,1056.0,484.0,1122.0,488.0,1204.0,504.0,1044.0,630.0,1082.0,624.0,1124.0,634.0,1016.0,694.0,1080.0,692.0,1146.0,696.0,1082.0,726.0
04818d31.jpg,874.0,406.0,1012.0,418.0,832.0,376.0,916.0,366.0,980.0,376.0,1052.0,398.0,902.0,506.0,938.0,502.0,980.0,506.0,876.0,568.0,940.0,564.0,998.0,570.0,938.0,600.0
04818d53.jpg,1168.0,506.0,1298.0,512.0,1134.0,472.0,1206.0,474.0,1270.0,478.0,1330.0,482.0,1194.0,598.0,1236.0,590.0,1272.0,596.0,1168.0,648.0,1236.0,648.0,1290.0,652.0,1236.0,688.0
04819d07.jpg,814.0,576.0,956.0,578.0,770.0,546.0,860.0,546.0,916.0,546.0,1000.0,548.0,848.0,658.0,888.0,664.0,926.0,664.0,836.0,718.0,886.0,710.0,930.0,722.0,878.0,754.0
04820d00.jpg,1066.0,808.0,1200.0,794.0,1010.0,784.0,1100.0,784.0,1174.0,772.0,1252.0,764.0,1106.0,892.0,1146.0,882.0,1180.0,886.0,1098.0,962.0,1154.0,942.0,1204.0,948.0,1154.0,980.0
04822d07.jpg,920.0,964.0,1070.0,948.0,868.0,920.0,944.0,916.0,1024.0,906.0,1118.0,900.0,954.0,1048.0,996.0,1038.0,1044.0,1040.0,948.0,1118.0,1010.0,1100.0,1066.0,1106.0,1004.0,1144.0
04822d132.jpg,1026.0,1172.0,1182.0,1154.0,982.0,1124.0,1062.0,1122.0,1140.0,1116.0,1228.0,1102.0,1066.0,1262.0,1112.0,1244.0,1156.0,1254.0,1066.0,1348.0,1118.0,1320.0,1178.0,1336.0,1122.0,1360.0
04822d78.jpg,1082.0,590.0,1208.0,574.0,1048.0,566.0,1114.0,550.0,1170.0,542.0,1238.0,534.0,1118.0,664.0,1156.0,652.0,1194.0,656.0,1130.0,726.0,1164.0,704.0,1220.0,718.0,1168.0,740.0
04823d25.jpg,814.0,574.0,962.0,566.0,774.0,532.0,848.0,530.0,918.0,524.0,992.0,526.0,840.0,654.0,886.0,642.0,936.0,650.0,820.0,710.0,892.0,694.0,958.0,706.0,888.0,730.0
04824d06.jpg,1196.0,1050.0,1334.0,1058.0,1148.0,1006.0,1232.0,1012.0,1286.0,1014.0,1394.0,1018.0,1220.0,1124.0,1260.0,1124.0,1302.0,1132.0,1202.0,1198.0,1254.0,1186.0,1302.0,1206.0,1250.0,1222.0
04827d00.jpg,900.0,710.0,1044.0,720.0,846.0,670.0,942.0,682.0,1008.0,682.0,1110.0,682.0,924.0,808.0,974.0,804.0,1020.0,810.0,918.0,876.0,970.0,858.0,1028.0,878.0,970.0,894.0
04827d106.jpg,1182.0,962.0,1314.0,972.0,1126.0,928.0,1214.0,934.0,1284.0,932.0,1366.0,930.0,1208.0,1050.0,1248.0,1056.0,1290.0,1054.0,1200.0,1116.0,1248.0,1104.0,1294.0,1120.0,1252.0,1142.0
04827d107.jpg,1192.0,942.0,1326.0,950.0,1142.0,904.0,1222.0,910.0,1290.0,914.0,1380.0,904.0,1212.0,1022.0,1254.0,1024.0,1304.0,1020.0,1196.0,1084.0,1260.0,1068.0,1322.0,1088.0,1260.0,1118.0
04830d114.jpg,1270.0,510.0,1414.0,504.0,1226.0,484.0,1312.0,476.0,1384.0,466.0,1452.0,470.0,1314.0,586.0,1358.0,578.0,1394.0,588.0,1302.0,662.0,1356.0,640.0,1406.0,658.0,1350.0,680.0
04831d00.jpg,1168.0,656.0,1310.0,656.0,1132.0,618.0,1198.0,616.0,1286.0,614.0,1368.0,624.0,1206.0,740.0,1236.0,738.0,1276.0,746.0,1196.0,814.0,1240.0,798.0,1294.0,816.0,1238.0,828.0
04831d07.jpg,1042.0,768.0,1184.0,766.0,1004.0,726.0,1086.0,732.0,1148.0,730.0,1236.0,734.0,1078.0,850.0,1120.0,850.0,1152.0,854.0,1050.0,916.0,1116.0,906.0,1172.0,910.0,1112.0,930.0
04832d25.jpg,854.0,480.0,1008.0,484.0,806.0,428.0,898.0,444.0,978.0,440.0,1056.0,438.0,880.0,554.0,926.0,554.0,976.0,558.0,870.0,614.0,932.0,604.0,994.0,616.0,926.0,654.0
04833d18.jpg,812.0,412.0,972.0,406.0,758.0,352.0,850.0,364.0,936.0,352.0,1030.0,356.0,846.0,508.0,892.0,502.0,934.0,506.0,844.0,588.0,892.0,564.0,948.0,590.0,892.0,612.0
04836d18.jpg,946.0,560.0,1082.0,560.0,894.0,534.0,976.0,540.0,1050.0,532.0,1126.0,538.0,968.0,638.0,1010.0,638.0,1052.0,638.0,950.0,696.0,1012.0,690.0,1074.0,702.0,1006.0,740.0
04838d147.jpg,882.0,346.0,1048.0,334.0,828.0,320.0,918.0,302.0,1016.0,296.0,1104.0,302.0,924.0,428.0,976.0,422.0,1022.0,420.0,906.0,516.0,980.0,486.0,1050.0,496.0,972.0,562.0
04839d24.jpg,934.0,470.0,1088.0,464.0,882.0,454.0,968.0,448.0,1070.0,436.0,1146.0,434.0,972.0,546.0,1018.0,530.0,1062.0,540.0,964.0,622.0,1016.0,600.0,1080.0,618.0,1016.0,644.0
04839d48.jpg,1012.0,728.0,1166.0,720.0,962.0,720.0,1040.0,706.0,1150.0,694.0,1220.0,694.0,1058.0,810.0,1100.0,798.0,1140.0,802.0,1054.0,882.0,1100.0,860.0,1160.0,878.0,1100.0,896.0
04840d101.jpg,934.0,724.0,1092.0,716.0,860.0,676.0,964.0,680.0,1072.0,668.0,1162.0,678.0,966.0,810.0,1018.0,794.0,1062.0,808.0,954.0,888.0,1012.0,858.0,1078.0,882.0,1010.0,896.0
04840d12.jpg,908.0,516.0,1068.0,520.0,864.0,458.0,960.0,476.0,1034.0,474.0,1128.0,474.0,946.0,598.0,990.0,586.0,1034.0,606.0,936.0,670.0,984.0,644.0,1044.0,676.0,984.0,680.0
04840d75.jpg,1002.0,752.0,1176.0,732.0,934.0,708.0,1036.0,700.0,1136.0,684.0,1236.0,686.0,1042.0,834.0,1090.0,820.0,1142.0,830.0,1040.0,908.0,1090.0,882.0,1158.0,906.0,1092.0,920.0
04840d88.jpg,1086.0,590.0,1232.0,588.0,1046.0,546.0,1116.0,552.0,1202.0,552.0,1282.0,556.0,1112.0,662.0,1152.0,652.0,1196.0,662.0,1102.0,720.0,1152.0,704.0,1208.0,724.0,1152.0,742.0
04840d93.jpg,1176.0,988.0,1330.0,982.0,1120.0,940.0,1202.0,942.0,1306.0,940.0,1384.0,938.0,1212.0,1066.0,1254.0,1056.0,1296.0,1066.0,1198.0,1148.0,1252.0,1114.0,1254.0,1148.0,1308.0,1138.0
04840d99.jpg,1094.0,500.0,1244.0,496.0,1044.0,452.0,1128.0,452.0,1222.0,452.0,1302.0,466.0,1126.0,572.0,1168.0,564.0,1210.0,570.0,1120.0,642.0,1168.0,614.0,1214.0,642.0,1166.0,654.0
04845d00.jpg,1096.0,738.0,1232.0,740.0,1066.0,684.0,1126.0,690.0,1208.0,682.0,1258.0,684.0,1118.0,816.0,1160.0,812.0,1198.0,822.0,1118.0,890.0,1160.0,862.0,1202.0,886.0,1160.0,912.0
04846d00.jpg,958.0,460.0,1112.0,458.0,932.0,406.0,1008.0,416.0,1074.0,410.0,1134.0,396.0,992.0,548.0,1042.0,534.0,1086.0,544.0,984.0,618.0,1042.0,592.0,1100.0,614.0,1042.0,632.0
04846d31.jpg,988.0,864.0,1136.0,858.0,982.0,816.0,1028.0,830.0,1104.0,818.0,1164.0,812.0,1020.0,950.0,1066.0,938.0,1110.0,950.0,1018.0,1016.0,1070.0,994.0,1124.0,1014.0,1072.0,1040.0
04847d107.jpg,1136.0,820.0,1270.0,822.0,1122.0,786.0,1168.0,796.0,1244.0,796.0,1306.0,794.0,1162.0,898.0,1202.0,894.0,1238.0,898.0,1158.0,960.0,1204.0,948.0,1248.0,956.0,1210.0,982.0
04848d00.jpg,992.0,426.0,1152.0,440.0,960.0,364.0,1036.0,376.0,1106.0,380.0,1184.0,384.0,1014.0,518.0,1062.0,508.0,1114.0,522.0,1000.0,598.0,1056.0,580.0,1136.0,602.0,1054.0,624.0
04848d130.jpg,922.0,602.0,1108.0,612.0,874.0,552.0,976.0,548.0,1056.0,548.0,1150.0,566.0,962.0,710.0,1016.0,692.0,1072.0,710.0,954.0,806.0,1012.0,778.0,1076.0,806.0,1016.0,830.0
04848d88.jpg,1320.0,336.0,1472.0,344.0,1274.0,288.0,1376.0,296.0,1434.0,298.0,1528.0,310.0,1356.0,428.0,1398.0,424.0,1446.0,430.0,1348.0,508.0,1398.0,492.0,1454.0,508.0,1398.0,530.0
04848d89.jpg,1332.0,324.0,1484.0,334.0,1280.0,274.0,1380.0,278.0,1442.0,288.0,1542.0,296.0,1358.0,414.0,1408.0,408.0,1452.0,416.0,1352.0,486.0,1408.0,474.0,1460.0,490.0,1408.0,514.0
04849d25.jpg,1336.0,878.0,1478.0,888.0,1304.0,826.0,1370.0,840.0,1444.0,840.0,1518.0,842.0,1350.0,966.0,1398.0,970.0,1448.0,974.0,1326.0,1030.0,1390.0,1020.0,1458.0,1042.0,1388.0,1056.0
04850d47.jpg,1106.0,424.0,1240.0,430.0,1062.0,380.0,1136.0,382.0,1218.0,388.0,1282.0,382.0,1134.0,508.0,1174.0,502.0,1208.0,508.0,1118.0,580.0,1174.0,568.0,1232.0,580.0,1172.0,612.0
04851d01.jpg,950.0,810.0,1084.0,802.0,922.0,778.0,986.0,782.0,1036.0,778.0,1100.0,766.0,982.0,896.0,1022.0,888.0,1058.0,890.0,970.0,958.0,1020.0,944.0,1086.0,954.0,1026.0,980.0
04851d107.jpg,1002.0,870.0,1156.0,862.0,966.0,822.0,1036.0,830.0,1118.0,820.0,1208.0,816.0,1030.0,962.0,1078.0,954.0,1128.0,962.0,1014.0,1034.0,1074.0,1018.0,1148.0,1032.0,1074.0,1070.0
04851d140.jpg,1108.0,702.0,1240.0,692.0,1078.0,660.0,1142.0,668.0,1208.0,658.0,1290.0,652.0,1136.0,782.0,1178.0,768.0,1216.0,780.0,1134.0,844.0,1176.0,828.0,1230.0,846.0,1182.0,860.0
04851d25.jpg,866.0,752.0,1010.0,740.0,832.0,700.0,908.0,714.0,976.0,706.0,1060.0,700.0,902.0,840.0,942.0,836.0,990.0,834.0,890.0,902.0,942.0,886.0,1016.0,896.0,946.0,934.0
04852d06.jpg,954.0,644.0,1092.0,640.0,920.0,596.0,1000.0,604.0,1060.0,602.0,1134.0,590.0,984.0,706.0,1022.0,698.0,1066.0,708.0,978.0,774.0,1026.0,752.0,1078.0,778.0,1026.0,784.0
04852d19.jpg,986.0,944.0,1134.0,952.0,944.0,896.0,1026.0,904.0,1112.0,906.0,1178.0,904.0,1012.0,1014.0,1056.0,1012.0,1098.0,1020.0,996.0,1082.0,1056.0,1064.0,1116.0,1086.0,1056.0,1098.0
04852d37.jpg,790.0,830.0,940.0,832.0,760.0,790.0,834.0,796.0,904.0,796.0,980.0,792.0,818.0,902.0,868.0,898.0,906.0,902.0,804.0,966.0,864.0,956.0,922.0,966.0,864.0,980.0
04853d104.jpg,1036.0,940.0,1188.0,924.0,1008.0,904.0,1070.0,916.0,1154.0,892.0,1218.0,884.0,1072.0,1026.0,1118.0,1024.0,1162.0,1022.0,1072.0,1104.0,1128.0,1082.0,1182.0,1086.0,1132.0,1116.0
04853d105.jpg,1006.0,938.0,1154.0,922.0,968.0,902.0,1042.0,912.0,1130.0,892.0,1196.0,886.0,1044.0,1024.0,1084.0,1020.0,1134.0,1020.0,1048.0,1094.0,1094.0,1080.0,1150.0,1086.0,1096.0,1110.0
04853d99.jpg,890.0,1130.0,1046.0,1110.0,848.0,1094.0,912.0,1098.0,1006.0,1078.0,1086.0,1068.0,928.0,1216.0,968.0,1210.0,1018.0,1206.0,928.0,1288.0,980.0,1268.0,1040.0,1270.0,984.0,1308.0
04854d00.jpg,1058.0,436.0,1194.0,448.0,1018.0,402.0,1098.0,416.0,1152.0,420.0,1248.0,416.0,1066.0,520.0,1102.0,520.0,1160.0,530.0,1050.0,578.0,1112.0,576.0,1186.0,586.0,1118.0,630.0
04856d29.jpg,1154.0,654.0,1280.0,620.0,1094.0,634.0,1166.0,614.0,1244.0,594.0,1314.0,574.0,1196.0,720.0,1230.0,716.0,1266.0,708.0,1186.0,786.0,1242.0,766.0,1314.0,756.0,1256.0,800.0
04856d46.jpg,690.0,844.0,834.0,820.0,630.0,808.0,702.0,812.0,796.0,792.0,872.0,772.0,736.0,936.0,774.0,926.0,812.0,920.0,726.0,1002.0,786.0,986.0,842.0,982.0,792.0,1020.0
04863d56.jpg,1226.0,800.0,1386.0,796.0,1166.0,764.0,1270.0,764.0,1340.0,760.0,1438.0,752.0,1266.0,896.0,1312.0,896.0,1356.0,892.0,1256.0,972.0,1312.0,962.0,1368.0,968.0,1310.0,1002.0
04865d23.jpg,1172.0,838.0,1300.0,828.0,1124.0,808.0,1202.0,810.0,1260.0,798.0,1328.0,788.0,1204.0,906.0,1236.0,900.0,1274.0,906.0,1194.0,974.0,1244.0,958.0,1300.0,966.0,1250.0,992.0
04869d39.jpg,1022.0,500.0,1170.0,510.0,976.0,476.0,1050.0,470.0,1138.0,468.0,1230.0,488.0,1042.0,584.0,1092.0,578.0,1132.0,586.0,1016.0,656.0,1084.0,640.0,1150.0,660.0,1086.0,702.0
04870d10.jpg,1152.0,702.0,1300.0,706.0,1108.0,664.0,1194.0,662.0,1274.0,666.0,1360.0,686.0,1180.0,792.0,1234.0,782.0,1274.0,804.0,1178.0,880.0,1222.0,856.0,1282.0,888.0,1222.0,898.0
04870d82.jpg,1250.0,834.0,1390.0,830.0,1194.0,810.0,1284.0,790.0,1368.0,794.0,1448.0,808.0,1286.0,924.0,1332.0,916.0,1370.0,926.0,1274.0,1012.0,1330.0,990.0,1380.0,1010.0,1328.0,1022.0
04871d05.jpg,1148.0,654.0,1264.0,648.0,1106.0,628.0,1178.0,630.0,1240.0,624.0,1310.0,622.0,1174.0,718.0,1210.0,714.0,1244.0,718.0,1160.0,782.0,1212.0,768.0,1276.0,770.0,1214.0,802.0
04878d65.jpg,1176.0,1042.0,1300.0,1030.0,1136.0,1012.0,1198.0,1014.0,1272.0,1008.0,1328.0,1006.0,1206.0,1114.0,1244.0,1114.0,1280.0,1108.0,1180.0,1168.0,1242.0,1150.0,1302.0,1156.0,1246.0,1200.0
04881d36.jpg,1118.0,904.0,1260.0,904.0,1082.0,866.0,1150.0,872.0,1226.0,870.0,1280.0,864.0,1160.0,984.0,1192.0,992.0,1218.0,992.0,1142.0,1052.0,1190.0,1042.0,1246.0,1054.0,1192.0,1076.0
04882d56.jpg,1354.0,988.0,1484.0,982.0,1320.0,942.0,1384.0,948.0,1448.0,946.0,1524.0,932.0,1388.0,1064.0,1420.0,1058.0,1456.0,1060.0,1384.0,1124.0,1422.0,1106.0,1478.0,1124.0,1422.0,1138.0
04884d04.jpg,1326.0,432.0,1462.0,424.0,1282.0,390.0,1344.0,390.0,1442.0,386.0,1506.0,384.0,1360.0,516.0,1402.0,514.0,1432.0,512.0,1348.0,588.0,1400.0,566.0,1454.0,578.0,1400.0,606.0
04885d22.jpg,1110.0,634.0,1230.0,634.0,1064.0,606.0,1132.0,608.0,1210.0,604.0,1272.0,604.0,1134.0,712.0,1170.0,712.0,1206.0,714.0,1118.0,780.0,1168.0,768.0,1228.0,774.0,1174.0,792.0
04887d22.jpg,1234.0,670.0,1356.0,674.0,1188.0,638.0,1264.0,626.0,1338.0,634.0,1398.0,638.0,1266.0,752.0,1300.0,746.0,1324.0,752.0,1260.0,828.0,1296.0,806.0,1340.0,832.0,1294.0,834.0
04888d11.jpg,1164.0,776.0,1294.0,770.0,1116.0,742.0,1190.0,742.0,1256.0,744.0,1346.0,742.0,1186.0,850.0,1220.0,850.0,1262.0,848.0,1168.0,914.0,1230.0,892.0,1292.0,906.0,1226.0,944.0
04890d25.jpg,1048.0,662.0,1174.0,660.0,996.0,634.0,1072.0,634.0,1152.0,632.0,1224.0,632.0,1068.0,736.0,1112.0,738.0,1154.0,738.0,1060.0,804.0,1110.0,784.0,1174.0,800.0,1114.0,832.0
04891d73.jpg,1216.0,662.0,1392.0,656.0,1158.0,638.0,1274.0,636.0,1344.0,628.0,1452.0,628.0,1262.0,764.0,1318.0,752.0,1368.0,758.0,1240.0,858.0,1314.0,826.0,1384.0,856.0,1312.0,876.0
04892d80.jpg,1218.0,554.0,1384.0,552.0,1140.0,524.0,1258.0,526.0,1350.0,528.0,1456.0,530.0,1252.0,644.0,1296.0,648.0,1342.0,652.0,1232.0,728.0,1298.0,702.0,1370.0,726.0,1300.0,744.0
04893d35.jpg,922.0,522.0,1070.0,514.0,868.0,486.0,958.0,474.0,1040.0,474.0,1112.0,470.0,952.0,590.0,1000.0,586.0,1042.0,590.0,946.0,672.0,1004.0,652.0,1068.0,654.0,1002.0,686.0
04894d11.jpg,996.0,850.0,1118.0,844.0,950.0,808.0,1022.0,816.0,1090.0,806.0,1158.0,800.0,1022.0,928.0,1054.0,918.0,1102.0,930.0,1012.0,992.0,1064.0,974.0,1120.0,988.0,1068.0,1016.0
04895d23.jpg,1206.0,728.0,1332.0,720.0,1166.0,706.0,1240.0,690.0,1302.0,686.0,1366.0,690.0,1240.0,794.0,1278.0,782.0,1314.0,786.0,1230.0,850.0,1276.0,832.0,1326.0,840.0,1276.0,884.0
04896d72.jpg,1116.0,1168.0,1252.0,1164.0,1078.0,1134.0,1144.0,1140.0,1236.0,1142.0,1300.0,1126.0,1146.0,1248.0,1190.0,1242.0,1228.0,1250.0,1138.0,1312.0,1184.0,1292.0,1238.0,1312.0,1188.0,1332.0
04900d11.jpg,1298.0,476.0,1410.0,482.0,1262.0,442.0,1330.0,452.0,1392.0,456.0,1462.0,462.0,1310.0,532.0,1346.0,534.0,1384.0,538.0,1290.0,584.0,1346.0,572.0,1400.0,592.0,1346.0,622.0
04900d75.jpg,1176.0,806.0,1304.0,792.0,1142.0,774.0,1210.0,778.0,1268.0,774.0,1356.0,768.0,1200.0,864.0,1238.0,856.0,1282.0,862.0,1192.0,930.0,1242.0,900.0,1316.0,916.0,1244.0,956.0
04903d29.jpg,1138.0,578.0,1264.0,582.0,1080.0,554.0,1168.0,556.0,1240.0,560.0,1320.0,568.0,1160.0,664.0,1206.0,668.0,1238.0,668.0,1140.0,730.0,1194.0,718.0,1246.0,728.0,1196.0,758.0
04905d28.jpg,1320.0,580.0,1450.0,584.0,1276.0,544.0,1346.0,554.0,1426.0,556.0,1498.0,556.0,1344.0,658.0,1380.0,654.0,1416.0,662.0,1328.0,726.0,1382.0,710.0,1432.0,730.0,1384.0,738.0
04905d41.jpg,1076.0,606.0,1226.0,622.0,1042.0,572.0,1104.0,582.0,1204.0,580.0,1280.0,598.0,1102.0,692.0,1140.0,696.0,1186.0,694.0,1066.0,744.0,1142.0,740.0,1214.0,746.0,1136.0,792.0
04908d05.jpg,976.0,1088.0,1126.0,1088.0,930.0,1056.0,1004.0,1056.0,1104.0,1056.0,1166.0,1044.0,1004.0,1180.0,1052.0,1176.0,1100.0,1176.0,980.0,1236.0,1050.0,1224.0,1118.0,1230.0,1054.0,1284.0
04909d04.jpg,1060.0,888.0,1200.0,876.0,1022.0,858.0,1104.0,866.0,1156.0,854.0,1248.0,844.0,1098.0,962.0,1134.0,960.0,1178.0,964.0,1092.0,1038.0,1140.0,1018.0,1200.0,1032.0,1142.0,1054.0
04910d14.jpg,1250.0,890.0,1372.0,874.0,1214.0,870.0,1270.0,862.0,1334.0,850.0,1402.0,848.0,1284.0,958.0,1314.0,956.0,1338.0,954.0,1276.0,1016.0,1318.0,998.0,1370.0,1010.0,1322.0,1034.0
04914d10.jpg,1306.0,336.0,1426.0,334.0,1252.0,310.0,1334.0,300.0,1404.0,296.0,1484.0,310.0,1324.0,416.0,1366.0,410.0,1406.0,416.0,1310.0,488.0,1364.0,472.0,1418.0,492.0,1366.0,508.0
04915d17.jpg,1288.0,554.0,1438.0,560.0,1234.0,518.0,1338.0,518.0,1410.0,520.0,1502.0,524.0,1316.0,644.0,1370.0,642.0,1410.0,658.0,1288.0,730.0,1356.0,708.0,1426.0,746.0,1348.0,766.0
04916d69.jpg,1190.0,952.0,1316.0,954.0,1130.0,932.0,1210.0,932.0,1300.0,936.0,1374.0,940.0,1214.0,1028.0,1258.0,1036.0,1292.0,1030.0,1190.0,1082.0,1252.0,1082.0,1316.0,1082.0,1248.0,1136.0
04917d02.jpg,556.0,934.0,714.0,930.0,504.0,902.0,584.0,900.0,686.0,894.0,776.0,894.0,586.0,1018.0,636.0,1020.0,684.0,1028.0,566.0,1108.0,638.0,1092.0,706.0,1120.0,634.0,1126.0
04917d51.jpg,1260.0,698.0,1402.0,702.0,1210.0,666.0,1276.0,662.0,1370.0,662.0,1456.0,670.0,1272.0,772.0,1320.0,772.0,1378.0,770.0,1246.0,840.0,1324.0,830.0,1396.0,854.0,1316.0,888.0
04917d74.jpg,1246.0,850.0,1370.0,846.0,1196.0,826.0,1270.0,822.0,1346.0,820.0,1422.0,816.0,1268.0,914.0,1304.0,914.0,1344.0,922.0,1246.0,986.0,1304.0,974.0,1364.0,998.0,1302.0,1008.0
04921d05.jpg,1000.0,442.0,1124.0,448.0,962.0,414.0,1030.0,416.0,1104.0,418.0,1168.0,416.0,1030.0,514.0,1066.0,518.0,1102.0,518.0,992.0,574.0,1064.0,562.0,1130.0,568.0,1062.0,610.0
04921d33.jpg,1216.0,1120.0,1340.0,1130.0,1182.0,1092.0,1246.0,1094.0,1324.0,1098.0,1382.0,1096.0,1250.0,1196.0,1286.0,1200.0,1316.0,1196.0,1204.0,1250.0,1274.0,1240.0,1342.0,1254.0,1274.0,1290.0
04933d52.jpg,1106.0,906.0,1252.0,904.0,1048.0,880.0,1136.0,876.0,1220.0,876.0,1302.0,882.0,1146.0,992.0,1182.0,982.0,1218.0,994.0,1130.0,1072.0,1186.0,1058.0,1238.0,1068.0,1188.0,1098.0
04934d17.jpg,1126.0,740.0,1254.0,738.0,1076.0,718.0,1148.0,702.0,1238.0,690.0,1298.0,712.0,1146.0,806.0,1186.0,806.0,1236.0,806.0,1126.0,868.0,1188.0,856.0,1256.0,864.0,1190.0,904.0
