02463d572.jpg,810.0,686.0,1102.0,694.0,712.0,632.0,900.0,586.0,1004.0,594.0,1226.0,650.0,860.0,844.0,950.0,800.0,1042.0,850.0,826.0,1000.0,950.0,952.0,1068.0,990.0,946.0,1000.0
02463d608.jpg,882.0,836.0,1182.0,846.0,780.0,790.0,978.0,748.0,1096.0,754.0,1304.0,822.0,944.0,1006.0,1040.0,948.0,1124.0,1008.0,910.0,1154.0,1036.0,1106.0,1154.0,1156.0,1034.0,1156.0
02463d642.jpg,740.0,530.0,1038.0,532.0,636.0,488.0,840.0,450.0,952.0,454.0,1158.0,510.0,802.0,694.0,892.0,632.0,978.0,698.0,772.0,840.0,896.0,788.0,1016.0,842.0,894.0,840.0
04201d310.jpg,624.0,718.0,878.0,700.0,506.0,696.0,714.0,650.0,792.0,644.0,986.0,674.0,702.0,848.0,784.0,812.0,838.0,842.0,668.0,984.0,782.0,940.0,870.0,966.0,774.0,1006.0
04201d322.jpg,746.0,580.0,994.0,566.0,624.0,562.0,832.0,522.0,912.0,516.0,1094.0,534.0,822.0,722.0,910.0,690.0,960.0,722.0,794.0,850.0,894.0,810.0,986.0,836.0,894.0,872.0
04201d395.jpg,712.0,732.0,982.0,722.0,584.0,714.0,800.0,686.0,886.0,686.0,1100.0,694.0,766.0,894.0,862.0,878.0,934.0,890.0,746.0,1016.0,858.0,986.0,962.0,1006.0,842.0,1076.0
04201d427.jpg,856.0,774.0,1116.0,752.0,730.0,754.0,932.0,718.0,1018.0,706.0,1232.0,722.0,906.0,914.0,996.0,890.0,1068.0,906.0,884.0,1038.0,998.0,1004.0,1108.0,1024.0,994.0,1086.0
04202d383.jpg,792.0,956.0,1050.0,932.0,684.0,916.0,844.0,888.0,978.0,878.0,1152.0,874.0,856.0,1134.0,932.0,1090.0,1018.0,1116.0,832.0,1246.0,948.0,1210.0,1058.0,1220.0,958.0,1298.0
04202d489.jpg,960.0,736.0,1216.0,716.0,864.0,692.0,1014.0,678.0,1142.0,664.0,1312.0,670.0,1004.0,914.0,1084.0,878.0,1172.0,900.0,990.0,1012.0,1092.0,990.0,1218.0,1000.0,1104.0,1084.0
04202d533.jpg,964.0,632.0,1228.0,622.0,858.0,582.0,1024.0,566.0,1156.0,562.0,1326.0,572.0,1012.0,814.0,1090.0,786.0,1178.0,810.0,992.0,932.0,1094.0,904.0,1212.0,920.0,1102.0,1000.0
04203d393.jpg,746.0,874.0,1018.0,878.0,648.0,840.0,818.0,826.0,940.0,822.0,1118.0,838.0,796.0,1042.0,880.0,1018.0,974.0,1040.0,762.0,1160.0,884.0,1132.0,1006.0,1162.0,890.0,1230.0
04203d457.jpg,1006.0,1342.0,1284.0,1352.0,916.0,1296.0,1076.0,1282.0,1210.0,1290.0,1384.0,1312.0,1060.0,1516.0,1150.0,1482.0,1238.0,1516.0,1044.0,1642.0,1148.0,1600.0,1250.0,1648.0,1146.0,1678.0
04203d520.jpg,798.0,944.0,1080.0,942.0,708.0,908.0,880.0,900.0,996.0,902.0,1170.0,908.0,864.0,1128.0,946.0,1108.0,1032.0,1116.0,856.0,1256.0,950.0,1214.0,1054.0,1248.0,952.0,1284.0
04217d378.jpg,590.0,1490.0,834.0,1470.0,500.0,1456.0,640.0,1434.0,776.0,1420.0,928.0,1406.0,648.0,1650.0,720.0,1634.0,798.0,1638.0,632.0,1748.0,734.0,1718.0,840.0,1726.0,736.0,1814.0
04217d419.jpg,850.0,1270.0,1092.0,1254.0,754.0,1226.0,900.0,1222.0,1028.0,1194.0,1194.0,1174.0,904.0,1434.0,964.0,1420.0,1048.0,1430.0,892.0,1530.0,978.0,1502.0,1086.0,1516.0,982.0,1594.0
04217d449.jpg,752.0,1094.0,998.0,1068.0,640.0,1064.0,794.0,1052.0,924.0,1028.0,1096.0,988.0,816.0,1274.0,874.0,1250.0,958.0,1260.0,818.0,1366.0,894.0,1344.0,1000.0,1348.0,902.0,1424.0
04221d460.jpg,758.0,1484.0,1020.0,1482.0,642.0,1442.0,814.0,1416.0,956.0,1416.0,1146.0,1440.0,812.0,1664.0,880.0,1650.0,958.0,1658.0,788.0,1768.0,888.0,1758.0,998.0,1762.0,894.0,1822.0
04222d389.jpg,866.0,1336.0,1116.0,1334.0,736.0,1312.0,920.0,1264.0,1044.0,1258.0,1236.0,1302.0,920.0,1486.0,994.0,1442.0,1070.0,1486.0,906.0,1632.0,1006.0,1584.0,1104.0,1626.0,1008.0,1646.0
04225d245.jpg,806.0,902.0,1088.0,864.0,692.0,900.0,866.0,822.0,972.0,806.0,1198.0,836.0,868.0,1052.0,946.0,1018.0,1046.0,1028.0,858.0,1178.0,970.0,1148.0,1098.0,1154.0,974.0,1226.0
04225d378.jpg,796.0,896.0,1078.0,868.0,686.0,872.0,874.0,814.0,970.0,806.0,1194.0,840.0,854.0,1034.0,936.0,1004.0,1032.0,1016.0,836.0,1152.0,946.0,1140.0,1080.0,1140.0,950.0,1212.0
04237d107.jpg,804.0,620.0,1068.0,632.0,706.0,574.0,910.0,558.0,996.0,566.0,1164.0,608.0,858.0,762.0,946.0,744.0,1022.0,770.0,834.0,880.0,944.0,830.0,1048.0,884.0,942.0,920.0
04239d437.jpg,912.0,808.0,1184.0,792.0,800.0,778.0,994.0,756.0,1098.0,742.0,1300.0,762.0,978.0,956.0,1066.0,952.0,1144.0,944.0,938.0,1078.0,1072.0,1060.0,1198.0,1050.0,1066.0,1136.0
04261d266.jpg,610.0,1076.0,866.0,1048.0,522.0,1056.0,670.0,1030.0,806.0,1014.0,954.0,1010.0,674.0,1210.0,774.0,1200.0,848.0,1190.0,666.0,1340.0,778.0,1300.0,886.0,1306.0,780.0,1384.0
04265d239.jpg,844.0,494.0,1078.0,502.0,742.0,442.0,886.0,436.0,1054.0,428.0,1180.0,432.0,888.0,636.0,952.0,608.0,1026.0,632.0,862.0,742.0,960.0,716.0,1046.0,742.0,956.0,782.0
04265d247.jpg,980.0,942.0,1224.0,944.0,870.0,892.0,1024.0,882.0,1194.0,878.0,1328.0,878.0,1028.0,1080.0,1098.0,1062.0,1170.0,1076.0,1008.0,1198.0,1102.0,1164.0,1196.0,1196.0,1104.0,1244.0
04267d145.jpg,830.0,636.0,1106.0,638.0,714.0,614.0,902.0,584.0,1020.0,588.0,1224.0,634.0,894.0,790.0,962.0,762.0,1044.0,796.0,872.0,930.0,972.0,890.0,1078.0,930.0,974.0,982.0
04286d229.jpg,702.0,854.0,928.0,852.0,582.0,832.0,782.0,814.0,852.0,814.0,1046.0,828.0,740.0,990.0,816.0,948.0,892.0,990.0,716.0,1118.0,816.0,1062.0,914.0,1114.0,814.0,1146.0
04288d196.jpg,754.0,786.0,1006.0,768.0,658.0,770.0,830.0,740.0,928.0,734.0,1096.0,740.0,814.0,934.0,886.0,900.0,962.0,928.0,800.0,1070.0,894.0,1026.0,990.0,1058.0,904.0,1100.0
04288d269.jpg,898.0,856.0,1164.0,850.0,794.0,838.0,976.0,810.0,1088.0,810.0,1272.0,830.0,952.0,1016.0,1036.0,992.0,1122.0,1018.0,912.0,1118.0,1036.0,1112.0,1162.0,1116.0,1050.0,1178.0
04288d275.jpg,656.0,766.0,924.0,762.0,556.0,740.0,738.0,722.0,852.0,728.0,1028.0,744.0,712.0,922.0,794.0,920.0,878.0,934.0,652.0,1018.0,794.0,1024.0,912.0,1016.0,800.0,1092.0
04288d289.jpg,950.0,772.0,1222.0,772.0,852.0,748.0,1046.0,728.0,1160.0,728.0,1330.0,748.0,1012.0,930.0,1104.0,910.0,1186.0,940.0,950.0,1042.0,1104.0,1034.0,1222.0,1038.0,1108.0,1110.0
04297d286.jpg,840.0,604.0,1114.0,594.0,706.0,600.0,912.0,516.0,1036.0,514.0,1228.0,556.0,902.0,744.0,990.0,702.0,1068.0,736.0,856.0,886.0,988.0,836.0,1138.0,866.0,1000.0,946.0
04300d190.jpg,692.0,448.0,934.0,462.0,600.0,412.0,760.0,406.0,874.0,420.0,1026.0,440.0,742.0,624.0,820.0,600.0,892.0,630.0,704.0,742.0,814.0,722.0,918.0,750.0,812.0,774.0
04300d205.jpg,650.0,934.0,896.0,946.0,572.0,894.0,730.0,890.0,834.0,900.0,982.0,918.0,700.0,1104.0,780.0,1092.0,856.0,1110.0,650.0,1212.0,782.0,1198.0,890.0,1222.0,776.0,1286.0
04301d165.jpg,966.0,612.0,1238.0,598.0,854.0,578.0,1034.0,532.0,1168.0,524.0,1354.0,560.0,1020.0,778.0,1112.0,764.0,1196.0,770.0,980.0,872.0,1106.0,854.0,1220.0,872.0,1108.0,920.0
04301d195.jpg,786.0,918.0,1054.0,920.0,670.0,882.0,856.0,848.0,988.0,848.0,1174.0,894.0,832.0,1086.0,930.0,1082.0,1010.0,1092.0,800.0,1190.0,912.0,1180.0,1030.0,1196.0,916.0,1256.0
04301d273.jpg,862.0,1016.0,1146.0,1014.0,754.0,986.0,956.0,962.0,1056.0,960.0,1256.0,986.0,916.0,1214.0,1008.0,1192.0,1100.0,1210.0,910.0,1348.0,1010.0,1312.0,1098.0,1342.0,1006.0,1382.0
04302d131.jpg,754.0,934.0,1006.0,930.0,656.0,894.0,798.0,876.0,950.0,890.0,1108.0,900.0,804.0,1078.0,884.0,1072.0,960.0,1078.0,746.0,1170.0,878.0,1164.0,1010.0,1180.0,878.0,1254.0
04309d109.jpg,462.0,1340.0,708.0,1300.0,352.0,1296.0,486.0,1264.0,624.0,1252.0,808.0,1228.0,522.0,1480.0,566.0,1436.0,652.0,1462.0,510.0,1614.0,600.0,1554.0,698.0,1582.0,604.0,1634.0
04309d177.jpg,662.0,764.0,904.0,754.0,550.0,712.0,714.0,692.0,844.0,694.0,1014.0,698.0,718.0,912.0,788.0,876.0,854.0,912.0,692.0,1046.0,796.0,998.0,878.0,1038.0,792.0,1082.0
04311d194.jpg,880.0,652.0,1136.0,650.0,772.0,624.0,964.0,602.0,1070.0,596.0,1248.0,622.0,932.0,800.0,1016.0,766.0,1094.0,798.0,916.0,922.0,1014.0,874.0,1110.0,920.0,1014.0,946.0
04311d240.jpg,608.0,886.0,884.0,882.0,492.0,854.0,680.0,830.0,804.0,832.0,1008.0,844.0,656.0,1058.0,746.0,1026.0,836.0,1048.0,648.0,1184.0,746.0,1148.0,850.0,1180.0,748.0,1218.0
04312d133.jpg,708.0,574.0,962.0,564.0,590.0,550.0,788.0,528.0,872.0,520.0,1074.0,540.0,758.0,726.0,830.0,696.0,908.0,724.0,742.0,846.0,832.0,818.0,944.0,838.0,836.0,892.0
04312d165.jpg,932.0,346.0,1182.0,346.0,816.0,316.0,1008.0,318.0,1096.0,322.0,1294.0,324.0,976.0,504.0,1050.0,484.0,1124.0,506.0,948.0,610.0,1046.0,594.0,1152.0,614.0,1050.0,656.0
04312d192.jpg,908.0,598.0,1164.0,580.0,788.0,592.0,980.0,560.0,1072.0,546.0,1284.0,570.0,952.0,742.0,1028.0,724.0,1114.0,732.0,920.0,852.0,1034.0,828.0,1174.0,832.0,1048.0,924.0
04319d224.jpg,902.0,700.0,1194.0,684.0,780.0,642.0,978.0,598.0,1122.0,592.0,1314.0,648.0,972.0,882.0,1066.0,858.0,1154.0,872.0,958.0,1020.0,1070.0,986.0,1172.0,1008.0,1076.0,1030.0
04320d324.jpg,798.0,824.0,1076.0,812.0,692.0,788.0,878.0,776.0,986.0,778.0,1182.0,776.0,858.0,984.0,942.0,956.0,1032.0,976.0,848.0,1100.0,952.0,1070.0,1054.0,1084.0,958.0,1140.0
04321d87.jpg,820.0,666.0,1082.0,658.0,708.0,652.0,900.0,618.0,1006.0,616.0,1182.0,638.0,884.0,806.0,972.0,770.0,1040.0,796.0,838.0,912.0,968.0,882.0,1076.0,900.0,972.0,948.0
04321d89.jpg,836.0,668.0,1100.0,660.0,730.0,638.0,914.0,612.0,1028.0,616.0,1204.0,640.0,900.0,810.0,984.0,786.0,1058.0,806.0,852.0,916.0,986.0,898.0,1094.0,910.0,982.0,958.0
04322d109.jpg,628.0,942.0,886.0,920.0,538.0,902.0,682.0,868.0,806.0,856.0,976.0,858.0,682.0,1084.0,764.0,1068.0,858.0,1064.0,662.0,1200.0,764.0,1166.0,892.0,1174.0,780.0,1228.0
04324d250.jpg,736.0,864.0,1000.0,832.0,622.0,852.0,804.0,782.0,920.0,768.0,1098.0,800.0,812.0,1016.0,880.0,954.0,958.0,1000.0,786.0,1164.0,884.0,1100.0,1004.0,1144.0,890.0,1186.0
04324d292.jpg,736.0,872.0,1006.0,846.0,622.0,856.0,784.0,800.0,926.0,786.0,1114.0,814.0,806.0,1048.0,882.0,1000.0,960.0,1038.0,782.0,1190.0,876.0,1142.0,1000.0,1174.0,888.0,1224.0
04329d81.jpg,802.0,886.0,1026.0,906.0,692.0,844.0,852.0,838.0,984.0,854.0,1132.0,876.0,836.0,1030.0,920.0,1016.0,984.0,1038.0,788.0,1130.0,906.0,1110.0,1006.0,1140.0,898.0,1174.0
04329d91.jpg,804.0,670.0,1022.0,674.0,696.0,628.0,854.0,622.0,966.0,630.0,1120.0,644.0,840.0,802.0,914.0,786.0,984.0,810.0,802.0,896.0,908.0,880.0,1022.0,896.0,910.0,932.0
04334d225.jpg,734.0,1006.0,966.0,982.0,632.0,978.0,782.0,950.0,896.0,932.0,1062.0,934.0,792.0,1192.0,864.0,1168.0,940.0,1174.0,764.0,1294.0,872.0,1258.0,998.0,1274.0,892.0,1388.0
04334d248.jpg,866.0,858.0,1100.0,846.0,758.0,828.0,928.0,798.0,1026.0,790.0,1194.0,794.0,926.0,1042.0,990.0,1012.0,1064.0,1034.0,918.0,1176.0,1006.0,1120.0,1098.0,1158.0,1016.0,1226.0
04334d274.jpg,862.0,682.0,1110.0,666.0,750.0,650.0,926.0,616.0,1038.0,600.0,1222.0,620.0,924.0,876.0,1000.0,840.0,1076.0,870.0,918.0,1014.0,1018.0,960.0,1108.0,1002.0,1022.0,1068.0
04334d395.jpg,952.0,742.0,1210.0,730.0,844.0,688.0,1026.0,680.0,1154.0,672.0,1318.0,678.0,1012.0,948.0,1094.0,926.0,1172.0,938.0,982.0,1074.0,1100.0,1014.0,1214.0,1062.0,1106.0,1164.0
04336d306.jpg,724.0,1076.0,974.0,1076.0,628.0,1040.0,786.0,1050.0,918.0,1046.0,1070.0,1028.0,780.0,1240.0,862.0,1256.0,924.0,1234.0,718.0,1296.0,856.0,1312.0,982.0,1288.0,858.0,1394.0
04336d307.jpg,704.0,1056.0,940.0,1050.0,606.0,1018.0,758.0,1020.0,880.0,1016.0,1034.0,998.0,760.0,1216.0,830.0,1224.0,892.0,1212.0,732.0,1298.0,832.0,1290.0,940.0,1280.0,838.0,1344.0
04339d194.jpg,682.0,686.0,930.0,680.0,584.0,614.0,732.0,610.0,878.0,616.0,1022.0,610.0,744.0,842.0,818.0,810.0,890.0,834.0,726.0,964.0,812.0,930.0,916.0,954.0,816.0,990.0
04339d205.jpg,610.0,330.0,864.0,342.0,508.0,272.0,664.0,266.0,806.0,276.0,966.0,290.0,654.0,482.0,734.0,482.0,816.0,490.0,612.0,594.0,730.0,572.0,854.0,598.0,726.0,670.0
04347d245.jpg,638.0,1142.0,874.0,1128.0,544.0,1128.0,702.0,1094.0,802.0,1088.0,964.0,1120.0,702.0,1286.0,772.0,1252.0,830.0,1276.0,686.0,1396.0,770.0,1354.0,852.0,1386.0,768.0,1428.0
04349d344.jpg,718.0,882.0,998.0,870.0,600.0,858.0,792.0,820.0,912.0,808.0,1118.0,832.0,778.0,1046.0,866.0,1022.0,948.0,1052.0,764.0,1204.0,870.0,1146.0,980.0,1198.0,878.0,1244.0
04365d268.jpg,904.0,590.0,1174.0,584.0,782.0,538.0,986.0,520.0,1086.0,510.0,1292.0,532.0,938.0,766.0,1028.0,732.0,1118.0,766.0,916.0,898.0,1026.0,856.0,1132.0,898.0,1020.0,940.0
04372d220.jpg,658.0,1014.0,896.0,1010.0,566.0,984.0,712.0,964.0,838.0,952.0,980.0,968.0,720.0,1170.0,784.0,1142.0,846.0,1168.0,684.0,1282.0,786.0,1252.0,876.0,1274.0,790.0,1312.0
04372d236.jpg,826.0,770.0,1078.0,774.0,732.0,738.0,892.0,716.0,1030.0,712.0,1168.0,736.0,894.0,928.0,968.0,902.0,1024.0,926.0,850.0,1050.0,962.0,1010.0,1060.0,1046.0,962.0,1080.0
04372d297.jpg,782.0,1050.0,1022.0,1044.0,690.0,1032.0,842.0,1006.0,968.0,990.0,1106.0,998.0,856.0,1208.0,922.0,1180.0,984.0,1202.0,828.0,1318.0,924.0,1284.0,1016.0,1306.0,928.0,1352.0
04372d300.jpg,932.0,872.0,1180.0,870.0,844.0,836.0,988.0,828.0,1134.0,822.0,1274.0,830.0,992.0,1036.0,1064.0,1028.0,1130.0,1026.0,950.0,1120.0,1068.0,1108.0,1174.0,1112.0,1064.0,1206.0
04374d210.jpg,786.0,670.0,1052.0,664.0,682.0,642.0,858.0,604.0,962.0,606.0,1148.0,630.0,834.0,810.0,918.0,766.0,1006.0,798.0,780.0,948.0,922.0,898.0,1062.0,934.0,924.0,990.0
04378d175.jpg,804.0,594.0,1044.0,584.0,688.0,578.0,872.0,542.0,982.0,530.0,1154.0,552.0,858.0,746.0,940.0,732.0,1012.0,736.0,830.0,860.0,936.0,830.0,1040.0,856.0,938.0,940.0
04379d231.jpg,796.0,932.0,1058.0,932.0,696.0,878.0,864.0,890.0,1006.0,880.0,1158.0,882.0,848.0,1094.0,936.0,1088.0,1018.0,1098.0,784.0,1194.0,924.0,1188.0,1054.0,1192.0,930.0,1280.0
04379d237.jpg,854.0,822.0,1116.0,830.0,748.0,762.0,918.0,778.0,1050.0,782.0,1216.0,788.0,892.0,986.0,980.0,970.0,1056.0,990.0,836.0,1078.0,970.0,1074.0,1102.0,1084.0,968.0,1162.0
04379d310.jpg,720.0,854.0,996.0,864.0,622.0,788.0,804.0,824.0,932.0,822.0,1106.0,816.0,762.0,1038.0,854.0,1034.0,946.0,1040.0,710.0,1114.0,852.0,1134.0,990.0,1124.0,840.0,1218.0
04379d342.jpg,826.0,916.0,1092.0,932.0,728.0,840.0,890.0,886.0,1022.0,894.0,1198.0,886.0,856.0,1096.0,940.0,1096.0,1024.0,1104.0,810.0,1176.0,932.0,1192.0,1064.0,1188.0,930.0,1274.0
04385d425.jpg,568.0,872.0,838.0,860.0,484.0,848.0,634.0,830.0,744.0,822.0,928.0,826.0,626.0,1050.0,692.0,1038.0,780.0,1040.0,608.0,1168.0,710.0,1134.0,820.0,1154.0,716.0,1214.0
04387d271.jpg,652.0,830.0,908.0,826.0,548.0,782.0,720.0,768.0,836.0,760.0,1030.0,780.0,700.0,1006.0,782.0,980.0,876.0,994.0,688.0,1112.0,788.0,1070.0,904.0,1110.0,794.0,1162.0
04387d289.jpg,668.0,694.0,940.0,698.0,556.0,652.0,738.0,630.0,848.0,628.0,1056.0,654.0,708.0,884.0,796.0,858.0,892.0,880.0,694.0,1002.0,802.0,960.0,920.0,1006.0,808.0,1060.0
04387d293.jpg,540.0,1162.0,800.0,1164.0,430.0,1108.0,600.0,1104.0,728.0,1104.0,902.0,1122.0,580.0,1332.0,668.0,1320.0,760.0,1336.0,562.0,1444.0,668.0,1412.0,778.0,1444.0,672.0,1516.0
04387d300.jpg,672.0,954.0,936.0,950.0,570.0,896.0,744.0,896.0,860.0,888.0,1044.0,906.0,720.0,1136.0,810.0,1108.0,902.0,1136.0,704.0,1262.0,808.0,1212.0,916.0,1256.0,814.0,1296.0
04387d406.jpg,854.0,934.0,1134.0,950.0,752.0,876.0,944.0,886.0,1076.0,882.0,1262.0,908.0,892.0,1134.0,994.0,1116.0,1088.0,1148.0,866.0,1248.0,982.0,1222.0,1100.0,1262.0,978.0,1314.0
04388d246.jpg,624.0,846.0,898.0,832.0,524.0,808.0,698.0,764.0,816.0,768.0,990.0,774.0,676.0,1036.0,778.0,1004.0,878.0,1020.0,684.0,1146.0,778.0,1108.0,890.0,1132.0,796.0,1230.0
04388d261.jpg,740.0,1326.0,1004.0,1306.0,642.0,1282.0,812.0,1244.0,914.0,1244.0,1094.0,1252.0,798.0,1500.0,894.0,1468.0,976.0,1494.0,812.0,1632.0,892.0,1586.0,984.0,1620.0,900.0,1674.0
04388d262.jpg,726.0,1318.0,992.0,1300.0,632.0,1280.0,798.0,1236.0,916.0,1236.0,1084.0,1248.0,776.0,1490.0,886.0,1460.0,976.0,1466.0,790.0,1594.0,886.0,1560.0,990.0,1578.0,908.0,1672.0
04388d309.jpg,848.0,1256.0,1116.0,1238.0,744.0,1208.0,924.0,1184.0,1044.0,1178.0,1218.0,1190.0,912.0,1436.0,1002.0,1404.0,1088.0,1424.0,924.0,1568.0,1006.0,1524.0,1090.0,1558.0,1010.0,1614.0
04388d322.jpg,572.0,950.0,844.0,928.0,476.0,914.0,652.0,886.0,762.0,888.0,946.0,880.0,634.0,1124.0,730.0,1102.0,834.0,1100.0,634.0,1230.0,730.0,1200.0,844.0,1206.0,752.0,1308.0
04394d270.jpg,882.0,762.0,1124.0,744.0,772.0,746.0,932.0,718.0,1070.0,702.0,1236.0,732.0,932.0,876.0,1000.0,860.0,1080.0,872.0,906.0,996.0,1006.0,964.0,1128.0,988.0,1016.0,1038.0
04395d142.jpg,832.0,656.0,1080.0,646.0,728.0,626.0,918.0,566.0,1030.0,562.0,1202.0,620.0,912.0,804.0,1004.0,760.0,1072.0,802.0,884.0,950.0,990.0,904.0,1088.0,946.0,994.0,984.0
04395d210.jpg,1046.0,852.0,1296.0,852.0,930.0,824.0,1120.0,770.0,1226.0,772.0,1410.0,830.0,1102.0,1018.0,1198.0,980.0,1274.0,1018.0,1096.0,1164.0,1182.0,1130.0,1282.0,1164.0,1188.0,1196.0
04395d229.jpg,922.0,886.0,1184.0,878.0,794.0,872.0,1002.0,822.0,1112.0,814.0,1306.0,862.0,978.0,1060.0,1086.0,1034.0,1172.0,1052.0,940.0,1190.0,1072.0,1154.0,1196.0,1184.0,1074.0,1254.0
04395d231.jpg,926.0,900.0,1190.0,884.0,808.0,882.0,1000.0,828.0,1108.0,818.0,1314.0,864.0,986.0,1076.0,1088.0,1044.0,1174.0,1064.0,950.0,1212.0,1078.0,1162.0,1210.0,1188.0,1076.0,1270.0
04397d436.jpg,940.0,942.0,1196.0,956.0,852.0,892.0,1014.0,880.0,1154.0,884.0,1298.0,912.0,994.0,1108.0,1072.0,1084.0,1136.0,1110.0,956.0,1234.0,1060.0,1204.0,1162.0,1246.0,1050.0,1270.0
04407d216.jpg,916.0,1098.0,1164.0,1064.0,796.0,1084.0,1000.0,1054.0,1082.0,1038.0,1276.0,1020.0,982.0,1228.0,1068.0,1192.0,1148.0,1216.0,962.0,1354.0,1078.0,1320.0,1192.0,1334.0,1088.0,1422.0
04407d295.jpg,738.0,948.0,998.0,916.0,610.0,924.0,816.0,900.0,912.0,886.0,1116.0,864.0,806.0,1102.0,884.0,1058.0,974.0,1084.0,808.0,1248.0,894.0,1192.0,1006.0,1228.0,902.0,1278.0
04408d226.jpg,704.0,788.0,944.0,730.0,608.0,762.0,768.0,716.0,872.0,682.0,1062.0,660.0,782.0,906.0,842.0,846.0,930.0,878.0,792.0,1038.0,872.0,970.0,986.0,996.0,884.0,1046.0
04408d232.jpg,786.0,774.0,1044.0,770.0,684.0,708.0,876.0,724.0,1004.0,722.0,1174.0,708.0,854.0,938.0,944.0,910.0,1018.0,936.0,828.0,1058.0,950.0,1034.0,1054.0,1052.0,946.0,1094.0
04409d142.jpg,764.0,876.0,1036.0,858.0,660.0,824.0,816.0,816.0,952.0,798.0,1124.0,788.0,836.0,1032.0,904.0,992.0,980.0,1014.0,812.0,1138.0,916.0,1116.0,1026.0,1120.0,924.0,1198.0
04409d143.jpg,780.0,866.0,1050.0,846.0,668.0,820.0,838.0,804.0,960.0,792.0,1154.0,784.0,848.0,1014.0,908.0,974.0,988.0,1002.0,846.0,1140.0,924.0,1098.0,1012.0,1128.0,932.0,1166.0
04411d174.jpg,750.0,966.0,1024.0,954.0,650.0,930.0,840.0,932.0,958.0,928.0,1152.0,916.0,814.0,1130.0,890.0,1112.0,972.0,1128.0,806.0,1268.0,896.0,1228.0,996.0,1260.0,902.0,1296.0
04418d305.jpg,482.0,1008.0,714.0,1006.0,384.0,970.0,538.0,970.0,646.0,964.0,812.0,966.0,532.0,1174.0,588.0,1164.0,660.0,1180.0,514.0,1288.0,596.0,1276.0,688.0,1286.0,598.0,1328.0
04419d285.jpg,808.0,880.0,1078.0,860.0,708.0,844.0,892.0,816.0,980.0,798.0,1168.0,818.0,876.0,1008.0,946.0,980.0,1016.0,1002.0,846.0,1128.0,946.0,1090.0,1058.0,1110.0,954.0,1174.0
04423d221.jpg,900.0,1022.0,1152.0,994.0,790.0,1002.0,954.0,978.0,1064.0,962.0,1250.0,938.0,944.0,1162.0,1022.0,1156.0,1112.0,1150.0,916.0,1262.0,1042.0,1254.0,1186.0,1226.0,1062.0,1324.0
04428d233.jpg,520.0,894.0,808.0,898.0,430.0,848.0,610.0,834.0,696.0,836.0,886.0,858.0,574.0,1050.0,654.0,1028.0,736.0,1056.0,558.0,1180.0,652.0,1156.0,744.0,1192.0,652.0,1234.0
04430d232.jpg,776.0,1252.0,1024.0,1246.0,682.0,1212.0,844.0,1210.0,946.0,1208.0,1116.0,1188.0,828.0,1410.0,896.0,1386.0,972.0,1410.0,788.0,1506.0,904.0,1498.0,1004.0,1510.0,902.0,1566.0
04430d252.jpg,736.0,1554.0,994.0,1542.0,636.0,1504.0,806.0,1518.0,900.0,1506.0,1086.0,1472.0,794.0,1718.0,864.0,1692.0,946.0,1716.0,760.0,1816.0,870.0,1810.0,986.0,1816.0,866.0,1876.0
04430d349.jpg,834.0,1206.0,1086.0,1200.0,736.0,1162.0,912.0,1166.0,1008.0,1160.0,1182.0,1138.0,882.0,1366.0,952.0,1344.0,1036.0,1370.0,854.0,1474.0,954.0,1464.0,1054.0,1484.0,950.0,1524.0
04434d138.jpg,784.0,840.0,1042.0,830.0,702.0,804.0,888.0,794.0,950.0,788.0,1128.0,796.0,826.0,1012.0,912.0,968.0,1002.0,1010.0,816.0,1146.0,908.0,1106.0,1004.0,1152.0,912.0,1178.0
04435d282.jpg,656.0,1394.0,896.0,1370.0,542.0,1342.0,706.0,1322.0,828.0,1312.0,994.0,1308.0,708.0,1562.0,778.0,1532.0,864.0,1556.0,698.0,1688.0,790.0,1652.0,898.0,1672.0,798.0,1732.0
04435d294.jpg,970.0,956.0,1204.0,930.0,862.0,912.0,1016.0,890.0,1132.0,872.0,1292.0,866.0,1024.0,1116.0,1088.0,1084.0,1176.0,1108.0,1014.0,1242.0,1104.0,1202.0,1208.0,1224.0,1116.0,1280.0
04435d325.jpg,914.0,1348.0,1158.0,1330.0,796.0,1298.0,960.0,1276.0,1084.0,1264.0,1266.0,1268.0,964.0,1518.0,1036.0,1492.0,1126.0,1512.0,952.0,1644.0,1054.0,1614.0,1176.0,1628.0,1066.0,1704.0
04440d105.jpg,710.0,976.0,1014.0,952.0,600.0,936.0,762.0,886.0,938.0,880.0,1128.0,892.0,768.0,1180.0,866.0,1140.0,962.0,1164.0,744.0,1324.0,864.0,1268.0,990.0,1302.0,872.0,1346.0
04440d110.jpg,808.0,816.0,1114.0,820.0,694.0,760.0,882.0,728.0,1040.0,742.0,1242.0,774.0,858.0,1030.0,954.0,1004.0,1050.0,1032.0,832.0,1166.0,948.0,1132.0,1070.0,1166.0,954.0,1230.0
04440d53.jpg,594.0,470.0,876.0,460.0,492.0,416.0,654.0,386.0,808.0,388.0,978.0,408.0,640.0,650.0,728.0,618.0,818.0,646.0,624.0,782.0,728.0,726.0,840.0,770.0,736.0,802.0
04440d58.jpg,708.0,1106.0,996.0,1094.0,604.0,1054.0,770.0,1030.0,930.0,1018.0,1106.0,1048.0,762.0,1298.0,850.0,1264.0,940.0,1294.0,746.0,1438.0,854.0,1380.0,968.0,1422.0,858.0,1474.0
04444d190.jpg,816.0,1118.0,1046.0,1118.0,726.0,1054.0,902.0,1028.0,1004.0,1032.0,1164.0,1056.0,886.0,1260.0,970.0,1236.0,1024.0,1256.0,836.0,1372.0,960.0,1342.0,1054.0,1370.0,958.0,1424.0
04444d193.jpg,776.0,1134.0,1000.0,1136.0,684.0,1086.0,852.0,1060.0,962.0,1064.0,1100.0,1088.0,836.0,1282.0,928.0,1270.0,974.0,1282.0,796.0,1392.0,912.0,1364.0,998.0,1396.0,910.0,1476.0
04447d99.jpg,626.0,770.0,880.0,748.0,526.0,750.0,692.0,704.0,792.0,694.0,982.0,730.0,698.0,908.0,776.0,856.0,850.0,910.0,678.0,1068.0,784.0,1012.0,886.0,1046.0,790.0,1092.0
04449d192.jpg,748.0,732.0,1000.0,740.0,626.0,700.0,832.0,702.0,930.0,694.0,1122.0,718.0,782.0,886.0,864.0,888.0,960.0,896.0,740.0,998.0,868.0,980.0,992.0,1012.0,868.0,1066.0
04451d218.jpg,1068.0,546.0,1316.0,534.0,960.0,510.0,1130.0,488.0,1246.0,476.0,1418.0,494.0,1120.0,678.0,1192.0,636.0,1270.0,674.0,1078.0,780.0,1194.0,758.0,1320.0,774.0,1206.0,824.0
04453d349.jpg,902.0,1148.0,1148.0,1160.0,816.0,1096.0,964.0,1108.0,1098.0,1110.0,1258.0,1128.0,948.0,1298.0,1026.0,1278.0,1084.0,1308.0,908.0,1444.0,1006.0,1408.0,1110.0,1446.0,1004.0,1494.0
04460d283.jpg,838.0,1024.0,1104.0,1002.0,712.0,1014.0,912.0,952.0,1018.0,954.0,1236.0,980.0,898.0,1176.0,976.0,1140.0,1064.0,1168.0,862.0,1302.0,990.0,1274.0,1122.0,1272.0,1000.0,1332.0
04460d294.jpg,910.0,814.0,1186.0,798.0,780.0,802.0,992.0,758.0,1100.0,748.0,1320.0,778.0,970.0,980.0,1052.0,940.0,1144.0,968.0,948.0,1120.0,1062.0,1082.0,1172.0,1102.0,1068.0,1138.0
04461d258.jpg,752.0,1074.0,1024.0,1064.0,662.0,1034.0,826.0,1000.0,954.0,986.0,1114.0,1008.0,814.0,1222.0,902.0,1206.0,984.0,1216.0,794.0,1348.0,908.0,1308.0,1022.0,1336.0,920.0,1416.0
04463d217.jpg,638.0,810.0,922.0,764.0,520.0,804.0,716.0,768.0,826.0,740.0,1034.0,726.0,706.0,980.0,792.0,948.0,888.0,950.0,698.0,1130.0,810.0,1084.0,944.0,1090.0,828.0,1156.0
04470d249.jpg,792.0,1338.0,1042.0,1330.0,714.0,1310.0,866.0,1298.0,986.0,1284.0,1146.0,1290.0,862.0,1492.0,926.0,1450.0,992.0,1486.0,814.0,1610.0,934.0,1590.0,1048.0,1604.0,940.0,1644.0
04470d325.jpg,504.0,1056.0,754.0,1040.0,426.0,1028.0,570.0,1014.0,696.0,998.0,834.0,1008.0,576.0,1212.0,642.0,1176.0,708.0,1200.0,534.0,1324.0,648.0,1304.0,768.0,1314.0,658.0,1360.0
04471d242.jpg,790.0,1014.0,1050.0,1014.0,678.0,976.0,880.0,966.0,972.0,962.0,1164.0,982.0,846.0,1138.0,926.0,1124.0,1006.0,1144.0,802.0,1256.0,928.0,1240.0,1050.0,1258.0,932.0,1332.0
04471d254.jpg,584.0,650.0,846.0,648.0,468.0,610.0,670.0,588.0,764.0,594.0,968.0,620.0,638.0,772.0,718.0,752.0,808.0,776.0,588.0,884.0,718.0,868.0,856.0,890.0,722.0,966.0
04471d255.jpg,580.0,646.0,842.0,648.0,472.0,602.0,682.0,586.0,770.0,586.0,968.0,610.0,654.0,776.0,728.0,750.0,810.0,786.0,608.0,910.0,730.0,886.0,846.0,912.0,728.0,944.0
04472d237.jpg,720.0,614.0,1016.0,616.0,612.0,584.0,840.0,536.0,924.0,536.0,1130.0,600.0,790.0,760.0,868.0,716.0,946.0,762.0,756.0,918.0,868.0,858.0,982.0,924.0,872.0,938.0
04473d140.jpg,892.0,800.0,1134.0,768.0,776.0,802.0,962.0,758.0,1050.0,744.0,1254.0,734.0,952.0,926.0,1032.0,894.0,1112.0,904.0,910.0,1032.0,1044.0,1016.0,1174.0,1010.0,1070.0,1112.0
04473d234.jpg,1038.0,1186.0,1298.0,1170.0,910.0,1174.0,1120.0,1150.0,1220.0,1134.0,1434.0,1158.0,1092.0,1326.0,1184.0,1294.0,1268.0,1320.0,1052.0,1446.0,1192.0,1430.0,1314.0,1440.0,1204.0,1532.0
04477d120.jpg,824.0,1026.0,1088.0,1026.0,718.0,976.0,898.0,960.0,1018.0,960.0,1192.0,980.0,872.0,1188.0,968.0,1152.0,1054.0,1184.0,836.0,1314.0,974.0,1280.0,1086.0,1316.0,970.0,1362.0
04477d70.jpg,796.0,1276.0,1048.0,1274.0,692.0,1224.0,860.0,1212.0,986.0,1208.0,1158.0,1238.0,840.0,1430.0,924.0,1404.0,1014.0,1430.0,798.0,1544.0,930.0,1514.0,1042.0,1542.0,936.0,1596.0
04481d223.jpg,684.0,1216.0,930.0,1210.0,584.0,1188.0,756.0,1172.0,854.0,1172.0,1032.0,1192.0,750.0,1364.0,812.0,1324.0,878.0,1368.0,726.0,1486.0,814.0,1452.0,910.0,1488.0,818.0,1512.0
04481d373.jpg,926.0,530.0,1186.0,528.0,828.0,508.0,1016.0,484.0,1106.0,478.0,1290.0,514.0,990.0,680.0,1062.0,630.0,1128.0,688.0,954.0,812.0,1060.0,766.0,1162.0,818.0,1060.0,830.0
04481d385.jpg,766.0,562.0,1032.0,554.0,652.0,542.0,848.0,520.0,952.0,512.0,1140.0,544.0,830.0,718.0,898.0,668.0,966.0,720.0,804.0,852.0,898.0,806.0,1004.0,858.0,900.0,870.0
04485d236.jpg,880.0,582.0,1140.0,558.0,774.0,574.0,926.0,518.0,1072.0,498.0,1228.0,530.0,940.0,702.0,1010.0,652.0,1092.0,692.0,916.0,830.0,1026.0,778.0,1148.0,808.0,1030.0,840.0
04485d260.jpg,712.0,1288.0,984.0,1276.0,614.0,1272.0,768.0,1232.0,922.0,1220.0,1076.0,1254.0,784.0,1428.0,858.0,1384.0,938.0,1424.0,750.0,1552.0,870.0,1514.0,986.0,1542.0,878.0,1578.0
04485d381.jpg,710.0,756.0,986.0,734.0,604.0,736.0,764.0,716.0,928.0,696.0,1082.0,714.0,768.0,894.0,862.0,884.0,950.0,880.0,728.0,1008.0,870.0,982.0,1010.0,986.0,882.0,1078.0
04493d186.jpg,728.0,826.0,982.0,810.0,608.0,802.0,796.0,778.0,914.0,760.0,1106.0,768.0,788.0,964.0,876.0,914.0,944.0,956.0,766.0,1110.0,874.0,1048.0,978.0,1094.0,878.0,1126.0
04493d209.jpg,652.0,1048.0,908.0,1018.0,528.0,1034.0,720.0,1006.0,836.0,986.0,1016.0,958.0,720.0,1206.0,804.0,1178.0,876.0,1192.0,714.0,1338.0,812.0,1300.0,920.0,1320.0,820.0,1374.0
04495d279.jpg,692.0,1496.0,952.0,1472.0,588.0,1452.0,740.0,1416.0,880.0,1406.0,1056.0,1422.0,760.0,1652.0,830.0,1630.0,900.0,1644.0,740.0,1772.0,838.0,1746.0,938.0,1762.0,842.0,1810.0
04495d345.jpg,508.0,1040.0,770.0,1010.0,402.0,994.0,552.0,964.0,682.0,952.0,866.0,948.0,582.0,1204.0,636.0,1182.0,718.0,1190.0,564.0,1314.0,658.0,1296.0,762.0,1298.0,664.0,1354.0
04502d26.jpg,786.0,696.0,1066.0,692.0,670.0,664.0,854.0,654.0,986.0,652.0,1180.0,662.0,834.0,860.0,914.0,816.0,1000.0,854.0,802.0,1002.0,912.0,948.0,1030.0,1002.0,910.0,1042.0
04505d301.jpg,938.0,814.0,1206.0,820.0,840.0,796.0,1014.0,776.0,1108.0,780.0,1306.0,806.0,986.0,994.0,1068.0,1000.0,1150.0,1002.0,936.0,1114.0,1068.0,1118.0,1192.0,1118.0,1070.0,1208.0
04505d302.jpg,948.0,800.0,1214.0,808.0,856.0,768.0,1026.0,756.0,1120.0,756.0,1312.0,794.0,996.0,998.0,1074.0,982.0,1154.0,998.0,976.0,1138.0,1078.0,1114.0,1190.0,1140.0,1076.0,1194.0
04505d307.jpg,830.0,936.0,1104.0,938.0,726.0,918.0,902.0,906.0,1012.0,904.0,1208.0,922.0,882.0,1134.0,960.0,1134.0,1050.0,1130.0,844.0,1246.0,966.0,1250.0,1098.0,1244.0,974.0,1344.0
04506d210.jpg,1010.0,974.0,1272.0,946.0,888.0,968.0,1080.0,936.0,1190.0,926.0,1384.0,914.0,1086.0,1158.0,1162.0,1128.0,1246.0,1146.0,1064.0,1302.0,1176.0,1260.0,1288.0,1278.0,1186.0,1322.0
04507d358.jpg,828.0,694.0,1098.0,704.0,720.0,656.0,908.0,654.0,1020.0,654.0,1208.0,676.0,876.0,868.0,956.0,842.0,1040.0,874.0,848.0,1002.0,958.0,968.0,1064.0,1006.0,956.0,1050.0
04511d165.jpg,680.0,872.0,944.0,856.0,576.0,854.0,746.0,812.0,874.0,804.0,1044.0,810.0,750.0,1052.0,824.0,1038.0,892.0,1038.0,718.0,1160.0,824.0,1144.0,940.0,1146.0,832.0,1228.0
04512d258.jpg,678.0,706.0,936.0,692.0,568.0,688.0,748.0,644.0,852.0,634.0,1046.0,668.0,734.0,866.0,802.0,802.0,892.0,864.0,708.0,1018.0,818.0,964.0,938.0,1000.0,824.0,1026.0
04512d353.jpg,626.0,1028.0,896.0,1012.0,510.0,1000.0,680.0,954.0,824.0,938.0,1014.0,988.0,672.0,1194.0,764.0,1148.0,856.0,1184.0,652.0,1326.0,774.0,1286.0,910.0,1308.0,786.0,1382.0
04512d373.jpg,822.0,712.0,1090.0,688.0,696.0,710.0,866.0,636.0,1024.0,628.0,1206.0,662.0,874.0,884.0,968.0,836.0,1052.0,864.0,850.0,1010.0,978.0,966.0,1116.0,984.0,992.0,1062.0
04513d251.jpg,610.0,436.0,860.0,396.0,518.0,416.0,638.0,368.0,782.0,338.0,934.0,338.0,666.0,562.0,712.0,514.0,808.0,540.0,668.0,700.0,732.0,648.0,848.0,680.0,742.0,696.0
04514d279.jpg,672.0,880.0,930.0,878.0,570.0,860.0,744.0,824.0,852.0,826.0,1030.0,870.0,710.0,1034.0,794.0,1004.0,882.0,1030.0,668.0,1134.0,794.0,1110.0,928.0,1136.0,796.0,1178.0
04514d346.jpg,934.0,880.0,1184.0,880.0,840.0,868.0,1016.0,838.0,1110.0,842.0,1286.0,872.0,978.0,1038.0,1058.0,1020.0,1146.0,1038.0,926.0,1132.0,1056.0,1112.0,1190.0,1136.0,1058.0,1176.0
04514d359.jpg,654.0,1256.0,918.0,1254.0,552.0,1254.0,724.0,1220.0,832.0,1218.0,1020.0,1246.0,702.0,1416.0,784.0,1398.0,870.0,1418.0,648.0,1516.0,782.0,1500.0,928.0,1514.0,786.0,1558.0
04530d351.jpg,688.0,1010.0,958.0,994.0,586.0,1002.0,768.0,966.0,878.0,958.0,1056.0,966.0,740.0,1170.0,820.0,1144.0,908.0,1162.0,724.0,1302.0,820.0,1268.0,938.0,1298.0,830.0,1338.0
04530d370.jpg,720.0,948.0,984.0,908.0,626.0,946.0,782.0,906.0,910.0,870.0,1080.0,860.0,782.0,1112.0,862.0,1078.0,952.0,1082.0,774.0,1232.0,878.0,1192.0,1012.0,1188.0,898.0,1282.0
04531d258.jpg,688.0,822.0,930.0,806.0,584.0,806.0,752.0,762.0,850.0,754.0,1046.0,780.0,746.0,984.0,828.0,938.0,904.0,972.0,742.0,1132.0,832.0,1092.0,926.0,1122.0,836.0,1150.0
04535d194.jpg,846.0,820.0,1100.0,828.0,746.0,760.0,904.0,756.0,1036.0,762.0,1200.0,772.0,890.0,964.0,972.0,960.0,1046.0,972.0,850.0,1074.0,960.0,1050.0,1068.0,1080.0,966.0,1156.0
04537d258.jpg,730.0,680.0,998.0,684.0,622.0,644.0,812.0,612.0,936.0,612.0,1110.0,654.0,790.0,828.0,864.0,786.0,936.0,832.0,766.0,970.0,864.0,922.0,956.0,972.0,862.0,1004.0
04537d288.jpg,802.0,736.0,1076.0,742.0,694.0,706.0,880.0,658.0,1000.0,666.0,1190.0,710.0,858.0,880.0,934.0,838.0,1014.0,882.0,840.0,1022.0,936.0,974.0,1032.0,1020.0,940.0,1046.0
04537d371.jpg,802.0,648.0,1084.0,646.0,686.0,612.0,860.0,570.0,1018.0,572.0,1200.0,614.0,856.0,794.0,944.0,758.0,1034.0,792.0,826.0,916.0,940.0,882.0,1064.0,918.0,950.0,980.0
04540d243.jpg,872.0,940.0,1130.0,932.0,770.0,886.0,940.0,880.0,1048.0,874.0,1238.0,884.0,932.0,1100.0,1012.0,1066.0,1088.0,1094.0,898.0,1196.0,1006.0,1186.0,1118.0,1198.0,1012.0,1260.0
04542d183.jpg,766.0,928.0,1038.0,916.0,652.0,904.0,856.0,886.0,936.0,878.0,1150.0,880.0,826.0,1086.0,910.0,1074.0,996.0,1074.0,790.0,1190.0,918.0,1178.0,1068.0,1164.0,922.0,1272.0
04542d81.jpg,822.0,716.0,1070.0,692.0,712.0,712.0,898.0,670.0,972.0,652.0,1178.0,672.0,886.0,858.0,946.0,846.0,1034.0,838.0,860.0,964.0,968.0,936.0,1096.0,936.0,984.0,1030.0
04542d96.jpg,490.0,1368.0,766.0,1354.0,382.0,1348.0,598.0,1320.0,684.0,1318.0,900.0,1314.0,582.0,1536.0,654.0,1508.0,738.0,1526.0,564.0,1674.0,666.0,1634.0,772.0,1658.0,674.0,1706.0
04542d97.jpg,482.0,1372.0,762.0,1356.0,360.0,1368.0,566.0,1326.0,650.0,1320.0,888.0,1328.0,540.0,1544.0,622.0,1528.0,718.0,1524.0,500.0,1644.0,638.0,1636.0,786.0,1628.0,652.0,1742.0
04553d204.jpg,768.0,656.0,1002.0,630.0,678.0,624.0,834.0,602.0,928.0,588.0,1098.0,592.0,828.0,798.0,884.0,748.0,956.0,784.0,820.0,914.0,898.0,874.0,992.0,898.0,902.0,934.0
04556d365.jpg,818.0,856.0,1102.0,858.0,702.0,812.0,888.0,800.0,1034.0,800.0,1228.0,830.0,876.0,1040.0,960.0,1006.0,1048.0,1040.0,860.0,1190.0,956.0,1146.0,1076.0,1184.0,958.0,1232.0
04556d388.jpg,838.0,686.0,1132.0,684.0,724.0,642.0,924.0,634.0,1052.0,628.0,1256.0,650.0,890.0,866.0,984.0,836.0,1088.0,866.0,864.0,1004.0,994.0,964.0,1122.0,992.0,992.0,1070.0
04557d290.jpg,840.0,802.0,1106.0,786.0,738.0,746.0,920.0,738.0,1016.0,724.0,1214.0,724.0,898.0,982.0,980.0,962.0,1070.0,974.0,872.0,1080.0,990.0,1070.0,1110.0,1064.0,998.0,1140.0
04559d259.jpg,616.0,894.0,884.0,888.0,530.0,834.0,690.0,842.0,826.0,834.0,984.0,840.0,678.0,1080.0,756.0,1050.0,836.0,1066.0,654.0,1172.0,762.0,1160.0,866.0,1164.0,764.0,1226.0
04559d272.jpg,520.0,1026.0,796.0,1024.0,440.0,958.0,580.0,962.0,748.0,954.0,896.0,976.0,570.0,1214.0,654.0,1180.0,742.0,1210.0,560.0,1324.0,658.0,1302.0,768.0,1318.0,660.0,1366.0
04559d279.jpg,718.0,754.0,992.0,744.0,630.0,698.0,774.0,696.0,934.0,690.0,1104.0,700.0,776.0,942.0,854.0,904.0,938.0,926.0,756.0,1040.0,862.0,1020.0,968.0,1030.0,868.0,1090.0
04559d291.jpg,458.0,1548.0,748.0,1552.0,360.0,1492.0,516.0,1488.0,704.0,1490.0,846.0,1504.0,510.0,1746.0,600.0,1716.0,690.0,1742.0,482.0,1852.0,606.0,1836.0,708.0,1850.0,602.0,1906.0
04560d207.jpg,720.0,746.0,984.0,748.0,604.0,692.0,802.0,686.0,914.0,686.0,1100.0,716.0,764.0,916.0,856.0,864.0,940.0,920.0,748.0,1058.0,852.0,1004.0,954.0,1062.0,846.0,1086.0
04560d327.jpg,928.0,704.0,1194.0,700.0,812.0,658.0,994.0,642.0,1136.0,642.0,1318.0,666.0,958.0,876.0,1068.0,850.0,1168.0,872.0,940.0,998.0,1064.0,970.0,1196.0,988.0,1064.0,1022.0
04568d70.jpg,754.0,1460.0,1008.0,1454.0,660.0,1404.0,796.0,1372.0,964.0,1370.0,1096.0,1390.0,816.0,1606.0,890.0,1582.0,962.0,1604.0,792.0,1732.0,894.0,1674.0,998.0,1724.0,896.0,1800.0
04575d386.jpg,830.0,884.0,1080.0,898.0,730.0,846.0,910.0,842.0,1018.0,846.0,1186.0,870.0,874.0,1054.0,950.0,1048.0,1030.0,1062.0,850.0,1176.0,946.0,1156.0,1050.0,1186.0,942.0,1224.0
04577d262.jpg,632.0,632.0,890.0,642.0,518.0,592.0,720.0,602.0,810.0,596.0,998.0,608.0,690.0,802.0,752.0,786.0,832.0,808.0,652.0,918.0,762.0,904.0,866.0,912.0,760.0,968.0
04579d252.jpg,548.0,624.0,790.0,612.0,458.0,578.0,610.0,562.0,730.0,550.0,888.0,556.0,618.0,790.0,686.0,750.0,758.0,770.0,594.0,892.0,696.0,854.0,794.0,880.0,706.0,936.0
04580d338.jpg,866.0,820.0,1134.0,796.0,756.0,768.0,922.0,746.0,1044.0,732.0,1206.0,714.0,924.0,1022.0,1022.0,998.0,1116.0,1000.0,916.0,1128.0,1026.0,1114.0,1138.0,1122.0,1034.0,1182.0
04580d391.jpg,824.0,640.0,1094.0,622.0,722.0,578.0,876.0,566.0,1000.0,558.0,1154.0,528.0,874.0,838.0,972.0,816.0,1066.0,820.0,868.0,954.0,972.0,936.0,1078.0,950.0,980.0,1000.0
04581d160.jpg,1032.0,1278.0,1266.0,1246.0,932.0,1258.0,1078.0,1230.0,1210.0,1208.0,1354.0,1216.0,1088.0,1434.0,1156.0,1394.0,1232.0,1420.0,1082.0,1562.0,1168.0,1518.0,1274.0,1542.0,1178.0,1586.0
04585d136.jpg,574.0,1072.0,838.0,1062.0,462.0,1050.0,662.0,1038.0,740.0,1034.0,944.0,1032.0,630.0,1226.0,708.0,1220.0,788.0,1220.0,606.0,1338.0,714.0,1318.0,824.0,1328.0,720.0,1388.0
04588d110.jpg,850.0,1366.0,1136.0,1344.0,726.0,1326.0,944.0,1300.0,1038.0,1290.0,1258.0,1302.0,918.0,1526.0,1008.0,1470.0,1098.0,1522.0,906.0,1662.0,1014.0,1590.0,1148.0,1638.0,1026.0,1678.0
04589d176.jpg,748.0,1080.0,988.0,1076.0,634.0,1038.0,816.0,1036.0,930.0,1024.0,1092.0,1034.0,780.0,1222.0,864.0,1202.0,946.0,1226.0,774.0,1352.0,864.0,1318.0,966.0,1350.0,868.0,1390.0
04589d224.jpg,584.0,1118.0,856.0,1124.0,470.0,1066.0,662.0,1076.0,792.0,1068.0,976.0,1090.0,614.0,1286.0,708.0,1274.0,806.0,1294.0,602.0,1424.0,710.0,1398.0,822.0,1436.0,712.0,1480.0
04593d160.jpg,668.0,700.0,912.0,702.0,556.0,678.0,726.0,652.0,844.0,648.0,1014.0,690.0,708.0,862.0,792.0,824.0,870.0,862.0,678.0,976.0,788.0,950.0,906.0,980.0,792.0,1022.0
04593d219.jpg,776.0,718.0,1030.0,718.0,660.0,692.0,838.0,664.0,972.0,662.0,1142.0,690.0,814.0,890.0,902.0,858.0,992.0,884.0,774.0,998.0,900.0,980.0,1032.0,1000.0,900.0,1074.0
04593d226.jpg,728.0,1180.0,980.0,1178.0,612.0,1164.0,800.0,1130.0,918.0,1122.0,1088.0,1156.0,768.0,1352.0,858.0,1320.0,946.0,1354.0,732.0,1470.0,854.0,1448.0,982.0,1468.0,860.0,1522.0
04593d254.jpg,848.0,1474.0,1114.0,1472.0,754.0,1428.0,924.0,1398.0,1054.0,1384.0,1206.0,1428.0,902.0,1622.0,984.0,1596.0,1062.0,1628.0,866.0,1732.0,978.0,1714.0,1094.0,1738.0,980.0,1786.0
04593d256.jpg,860.0,1468.0,1112.0,1466.0,754.0,1440.0,924.0,1420.0,1056.0,1408.0,1222.0,1440.0,902.0,1638.0,988.0,1612.0,1076.0,1634.0,862.0,1746.0,988.0,1734.0,1104.0,1752.0,992.0,1820.0
04595d73.jpg,804.0,1432.0,1024.0,1422.0,702.0,1408.0,844.0,1388.0,954.0,1376.0,1116.0,1374.0,830.0,1598.0,892.0,1564.0,980.0,1584.0,824.0,1720.0,914.0,1692.0,1012.0,1706.0,926.0,1760.0
04596d107.jpg,800.0,524.0,1060.0,508.0,706.0,502.0,866.0,478.0,990.0,462.0,1146.0,454.0,852.0,648.0,934.0,628.0,1024.0,642.0,830.0,760.0,944.0,734.0,1070.0,746.0,950.0,816.0
04596d122.jpg,954.0,1086.0,1216.0,1074.0,848.0,1064.0,1022.0,1046.0,1154.0,1032.0,1314.0,1024.0,1014.0,1230.0,1086.0,1200.0,1172.0,1228.0,990.0,1348.0,1096.0,1326.0,1206.0,1342.0,1098.0,1386.0
04596d146.jpg,900.0,864.0,1162.0,854.0,796.0,828.0,976.0,826.0,1088.0,828.0,1246.0,802.0,960.0,1006.0,1036.0,982.0,1112.0,1004.0,940.0,1126.0,1040.0,1102.0,1146.0,1122.0,1046.0,1158.0
04596d71.jpg,746.0,1138.0,1000.0,1118.0,648.0,1098.0,820.0,1088.0,938.0,1088.0,1094.0,1058.0,802.0,1268.0,886.0,1250.0,972.0,1264.0,790.0,1378.0,896.0,1358.0,1010.0,1360.0,904.0,1432.0
04596d94.jpg,918.0,1106.0,1174.0,1088.0,830.0,1072.0,990.0,1064.0,1114.0,1056.0,1272.0,1038.0,980.0,1244.0,1056.0,1216.0,1142.0,1238.0,972.0,1368.0,1068.0,1338.0,1184.0,1352.0,1076.0,1400.0
04596d98.jpg,852.0,1146.0,1110.0,1130.0,744.0,1110.0,926.0,1116.0,1044.0,1106.0,1202.0,1072.0,912.0,1298.0,988.0,1278.0,1070.0,1288.0,896.0,1408.0,996.0,1390.0,1102.0,1398.0,1006.0,1446.0
04597d117.jpg,624.0,674.0,890.0,638.0,526.0,672.0,704.0,638.0,798.0,616.0,984.0,608.0,700.0,834.0,768.0,786.0,856.0,806.0,680.0,968.0,792.0,920.0,904.0,940.0,796.0,1002.0
04597d91.jpg,656.0,886.0,908.0,858.0,552.0,876.0,724.0,840.0,826.0,824.0,1000.0,838.0,718.0,1030.0,790.0,990.0,872.0,1010.0,692.0,1154.0,808.0,1118.0,916.0,1134.0,812.0,1184.0
04600d330.jpg,770.0,870.0,1030.0,868.0,624.0,874.0,844.0,836.0,940.0,834.0,1166.0,858.0,816.0,1046.0,908.0,994.0,996.0,1040.0,796.0,1162.0,912.0,1140.0,1018.0,1160.0,920.0,1216.0
04603d180.jpg,878.0,650.0,1144.0,628.0,746.0,614.0,934.0,588.0,1072.0,566.0,1256.0,576.0,926.0,812.0,1030.0,776.0,1130.0,802.0,896.0,936.0,1040.0,898.0,1172.0,922.0,1054.0,1010.0
04603d231.jpg,858.0,628.0,1118.0,604.0,742.0,588.0,924.0,578.0,1058.0,564.0,1226.0,556.0,912.0,816.0,1008.0,774.0,1090.0,802.0,908.0,934.0,1016.0,900.0,1116.0,918.0,1020.0,988.0
04605d226.jpg,904.0,1128.0,1146.0,1124.0,792.0,1104.0,970.0,1090.0,1078.0,1082.0,1254.0,1088.0,958.0,1284.0,1022.0,1274.0,1102.0,1272.0,898.0,1374.0,1034.0,1360.0,1152.0,1360.0,1036.0,1460.0
04605d271.jpg,1000.0,620.0,1252.0,616.0,890.0,592.0,1060.0,576.0,1196.0,566.0,1364.0,562.0,1056.0,786.0,1124.0,774.0,1202.0,786.0,1044.0,898.0,1134.0,880.0,1240.0,892.0,1132.0,946.0
04606d142.jpg,750.0,620.0,996.0,614.0,636.0,618.0,812.0,576.0,926.0,570.0,1106.0,598.0,818.0,774.0,894.0,730.0,954.0,768.0,788.0,888.0,890.0,850.0,984.0,884.0,894.0,912.0
04609d73.jpg,584.0,914.0,834.0,918.0,476.0,862.0,650.0,822.0,770.0,834.0,948.0,874.0,634.0,1106.0,720.0,1092.0,800.0,1108.0,630.0,1236.0,714.0,1218.0,794.0,1240.0,712.0,1288.0
04613d108.jpg,880.0,574.0,1152.0,600.0,748.0,564.0,994.0,552.0,1104.0,558.0,1266.0,604.0,954.0,766.0,1064.0,774.0,1118.0,772.0,888.0,888.0,1036.0,870.0,1136.0,898.0,1026.0,970.0
04615d130.jpg,766.0,888.0,1056.0,896.0,652.0,856.0,856.0,848.0,972.0,852.0,1170.0,874.0,840.0,1048.0,916.0,1024.0,986.0,1056.0,802.0,1182.0,912.0,1164.0,1018.0,1190.0,914.0,1212.0
04619d142.jpg,708.0,776.0,984.0,774.0,600.0,746.0,786.0,728.0,910.0,724.0,1084.0,724.0,790.0,938.0,872.0,910.0,930.0,928.0,740.0,1050.0,868.0,1032.0,990.0,1038.0,874.0,1144.0
04622d187.jpg,874.0,1078.0,1130.0,1080.0,782.0,1034.0,928.0,1028.0,1068.0,1014.0,1226.0,1026.0,922.0,1218.0,1002.0,1196.0,1078.0,1212.0,882.0,1328.0,996.0,1302.0,1132.0,1330.0,1006.0,1400.0
04622d264.jpg,800.0,724.0,1056.0,732.0,708.0,676.0,876.0,676.0,1004.0,674.0,1158.0,678.0,858.0,870.0,940.0,848.0,1014.0,876.0,822.0,1008.0,936.0,954.0,1036.0,1008.0,934.0,1036.0
04622d306.jpg,1012.0,856.0,1276.0,856.0,920.0,806.0,1080.0,808.0,1212.0,804.0,1376.0,806.0,1072.0,1008.0,1148.0,984.0,1222.0,1004.0,1040.0,1140.0,1146.0,1092.0,1256.0,1138.0,1150.0,1172.0
04626d187.jpg,902.0,884.0,1156.0,902.0,802.0,818.0,976.0,812.0,1098.0,810.0,1260.0,846.0,940.0,1072.0,1020.0,1038.0,1104.0,1072.0,916.0,1206.0,1020.0,1160.0,1132.0,1204.0,1022.0,1250.0
04626d203.jpg,754.0,526.0,1002.0,542.0,654.0,456.0,814.0,454.0,932.0,462.0,1090.0,494.0,780.0,716.0,860.0,688.0,940.0,718.0,758.0,842.0,858.0,798.0,968.0,842.0,862.0,884.0
04626d280.jpg,1004.0,978.0,1260.0,986.0,902.0,912.0,1046.0,908.0,1190.0,900.0,1352.0,934.0,1032.0,1164.0,1112.0,1136.0,1204.0,1166.0,1002.0,1282.0,1110.0,1248.0,1234.0,1282.0,1116.0,1352.0
04626d288.jpg,806.0,844.0,1062.0,842.0,702.0,778.0,856.0,766.0,996.0,762.0,1160.0,784.0,842.0,1030.0,930.0,996.0,1014.0,1028.0,812.0,1150.0,924.0,1104.0,1046.0,1144.0,930.0,1210.0
04628d185.jpg,976.0,544.0,1224.0,544.0,872.0,484.0,1038.0,484.0,1154.0,494.0,1336.0,482.0,1006.0,700.0,1094.0,676.0,1190.0,702.0,982.0,828.0,1092.0,790.0,1214.0,830.0,1098.0,866.0
04629d201.jpg,930.0,644.0,1182.0,638.0,832.0,570.0,966.0,574.0,1116.0,578.0,1280.0,566.0,960.0,834.0,1048.0,810.0,1146.0,836.0,940.0,954.0,1054.0,944.0,1174.0,954.0,1062.0,1018.0
04629d227.jpg,1072.0,518.0,1324.0,516.0,972.0,456.0,1120.0,458.0,1278.0,448.0,1424.0,448.0,1104.0,712.0,1188.0,684.0,1286.0,710.0,1078.0,826.0,1196.0,814.0,1318.0,826.0,1196.0,884.0
04629d232.jpg,816.0,916.0,1060.0,914.0,728.0,838.0,866.0,848.0,1008.0,848.0,1152.0,840.0,856.0,1114.0,934.0,1078.0,1022.0,1110.0,848.0,1236.0,938.0,1208.0,1040.0,1232.0,944.0,1274.0
04629d62.jpg,748.0,996.0,978.0,976.0,644.0,942.0,778.0,928.0,926.0,918.0,1064.0,906.0,788.0,1172.0,862.0,1148.0,954.0,1164.0,778.0,1292.0,876.0,1264.0,982.0,1274.0,884.0,1332.0
04631d197.jpg,754.0,758.0,1002.0,746.0,650.0,712.0,822.0,694.0,926.0,692.0,1098.0,688.0,814.0,920.0,890.0,884.0,962.0,916.0,796.0,1038.0,890.0,1012.0,996.0,1026.0,898.0,1074.0
04632d171.jpg,952.0,650.0,1234.0,646.0,838.0,594.0,1012.0,576.0,1150.0,572.0,1340.0,588.0,992.0,818.0,1092.0,778.0,1194.0,810.0,970.0,958.0,1096.0,880.0,1212.0,950.0,1100.0,1022.0
04632d84.jpg,698.0,426.0,974.0,424.0,604.0,370.0,780.0,360.0,894.0,358.0,1074.0,360.0,756.0,596.0,844.0,552.0,934.0,592.0,740.0,722.0,846.0,662.0,954.0,716.0,852.0,764.0
04633d129.jpg,758.0,854.0,1030.0,848.0,664.0,796.0,818.0,786.0,960.0,786.0,1124.0,784.0,820.0,1046.0,896.0,1020.0,984.0,1044.0,804.0,1164.0,898.0,1132.0,1018.0,1144.0,906.0,1206.0
04633d153.jpg,624.0,1224.0,878.0,1212.0,540.0,1174.0,678.0,1164.0,820.0,1158.0,970.0,1152.0,684.0,1402.0,758.0,1378.0,844.0,1388.0,684.0,1514.0,770.0,1478.0,876.0,1488.0,776.0,1556.0
04633d228.jpg,1006.0,1130.0,1290.0,1114.0,914.0,1072.0,1058.0,1052.0,1224.0,1048.0,1364.0,1028.0,1078.0,1328.0,1160.0,1294.0,1246.0,1314.0,1066.0,1452.0,1164.0,1414.0,1278.0,1432.0,1170.0,1484.0
04638d171.jpg,854.0,928.0,1096.0,938.0,760.0,890.0,918.0,880.0,1036.0,888.0,1198.0,898.0,910.0,1094.0,980.0,1072.0,1040.0,1092.0,878.0,1216.0,972.0,1192.0,1056.0,1218.0,966.0,1268.0
04644d159.jpg,888.0,812.0,1112.0,794.0,778.0,786.0,932.0,764.0,1052.0,752.0,1224.0,756.0,932.0,954.0,1004.0,928.0,1076.0,942.0,900.0,1048.0,1008.0,1018.0,1126.0,1034.0,1018.0,1120.0
04644d161.jpg,878.0,806.0,1102.0,790.0,766.0,784.0,922.0,760.0,1038.0,742.0,1218.0,758.0,926.0,944.0,988.0,916.0,1058.0,928.0,900.0,1050.0,994.0,1010.0,1106.0,1036.0,1006.0,1114.0
04645d50.jpg,602.0,1170.0,830.0,1166.0,498.0,1132.0,652.0,1122.0,778.0,1126.0,930.0,1134.0,656.0,1294.0,722.0,1292.0,788.0,1294.0,610.0,1416.0,732.0,1380.0,850.0,1404.0,738.0,1480.0
04645d54.jpg,730.0,1378.0,966.0,1382.0,632.0,1334.0,788.0,1332.0,922.0,1330.0,1076.0,1358.0,780.0,1514.0,856.0,1508.0,926.0,1516.0,738.0,1634.0,856.0,1606.0,980.0,1634.0,856.0,1704.0
04645d59.jpg,716.0,1076.0,948.0,1076.0,612.0,1042.0,778.0,1028.0,896.0,1028.0,1058.0,1042.0,776.0,1222.0,832.0,1202.0,902.0,1218.0,744.0,1348.0,836.0,1310.0,936.0,1346.0,844.0,1384.0
04647d147.jpg,800.0,778.0,1078.0,784.0,694.0,738.0,884.0,724.0,998.0,724.0,1182.0,756.0,862.0,932.0,948.0,906.0,1020.0,930.0,840.0,1066.0,942.0,1016.0,1046.0,1062.0,948.0,1100.0
04652d118.jpg,716.0,1034.0,950.0,1018.0,632.0,1000.0,790.0,996.0,864.0,996.0,1028.0,992.0,752.0,1160.0,836.0,1140.0,924.0,1148.0,748.0,1280.0,846.0,1224.0,950.0,1260.0,854.0,1308.0
04661d128.jpg,604.0,1062.0,854.0,1026.0,516.0,1054.0,686.0,994.0,768.0,978.0,948.0,1002.0,676.0,1196.0,752.0,1164.0,836.0,1180.0,664.0,1304.0,762.0,1270.0,868.0,1274.0,776.0,1336.0
04664d164.jpg,856.0,1006.0,1120.0,984.0,754.0,980.0,934.0,972.0,1050.0,950.0,1202.0,940.0,914.0,1152.0,1008.0,1160.0,1088.0,1140.0,862.0,1244.0,1000.0,1226.0,1134.0,1226.0,1016.0,1326.0
04667d150.jpg,666.0,652.0,926.0,654.0,592.0,598.0,728.0,574.0,884.0,574.0,1000.0,578.0,726.0,808.0,810.0,778.0,876.0,808.0,712.0,934.0,810.0,888.0,900.0,924.0,810.0,972.0
04667d167.jpg,710.0,912.0,984.0,924.0,630.0,842.0,784.0,836.0,944.0,828.0,1080.0,860.0,770.0,1080.0,850.0,1052.0,928.0,1082.0,746.0,1202.0,848.0,1168.0,946.0,1202.0,850.0,1252.0
04667d173.jpg,806.0,1378.0,1078.0,1386.0,722.0,1308.0,874.0,1302.0,1040.0,1308.0,1172.0,1326.0,870.0,1552.0,952.0,1522.0,1022.0,1552.0,842.0,1672.0,944.0,1640.0,1034.0,1666.0,948.0,1714.0
04667d230.jpg,654.0,884.0,926.0,892.0,572.0,802.0,716.0,792.0,876.0,798.0,1002.0,802.0,716.0,1032.0,794.0,1008.0,858.0,1032.0,698.0,1158.0,796.0,1122.0,880.0,1152.0,796.0,1188.0
04667d296.jpg,896.0,1176.0,1166.0,1184.0,816.0,1110.0,964.0,1102.0,1132.0,1110.0,1248.0,1120.0,962.0,1348.0,1046.0,1316.0,1106.0,1344.0,938.0,1468.0,1036.0,1434.0,1118.0,1472.0,1034.0,1506.0
04670d116.jpg,786.0,914.0,1050.0,910.0,674.0,892.0,848.0,874.0,966.0,870.0,1156.0,882.0,828.0,1070.0,916.0,1046.0,998.0,1068.0,794.0,1174.0,914.0,1176.0,1036.0,1176.0,922.0,1250.0
04670d124.jpg,694.0,994.0,958.0,998.0,576.0,968.0,762.0,950.0,886.0,948.0,1064.0,982.0,744.0,1146.0,830.0,1122.0,910.0,1150.0,706.0,1262.0,826.0,1248.0,930.0,1268.0,820.0,1330.0
04670d135.jpg,872.0,762.0,1128.0,762.0,756.0,736.0,946.0,716.0,1056.0,714.0,1232.0,746.0,922.0,928.0,1004.0,898.0,1076.0,930.0,906.0,1058.0,996.0,1026.0,1096.0,1058.0,1002.0,1086.0
04670d195.jpg,774.0,1110.0,1052.0,1100.0,648.0,1098.0,842.0,1062.0,974.0,1058.0,1160.0,1084.0,836.0,1278.0,918.0,1252.0,998.0,1278.0,826.0,1420.0,920.0,1386.0,1020.0,1416.0,926.0,1456.0
04670d254.jpg,676.0,1014.0,950.0,1002.0,552.0,984.0,746.0,966.0,866.0,958.0,1062.0,968.0,734.0,1174.0,826.0,1158.0,904.0,1174.0,702.0,1290.0,818.0,1284.0,940.0,1278.0,816.0,1358.0
04670d97.jpg,796.0,810.0,1052.0,782.0,678.0,800.0,846.0,760.0,970.0,750.0,1160.0,762.0,852.0,960.0,926.0,924.0,1006.0,946.0,850.0,1094.0,932.0,1048.0,1032.0,1078.0,940.0,1120.0
04670d99.jpg,792.0,810.0,1050.0,794.0,684.0,798.0,858.0,758.0,970.0,748.0,1158.0,774.0,852.0,958.0,924.0,914.0,1002.0,952.0,846.0,1098.0,930.0,1038.0,1026.0,1088.0,930.0,1130.0
04673d255.jpg,772.0,674.0,1074.0,688.0,662.0,598.0,856.0,606.0,994.0,610.0,1190.0,626.0,826.0,860.0,916.0,840.0,1008.0,874.0,798.0,1028.0,908.0,970.0,1026.0,1038.0,912.0,1072.0
04675d331.jpg,898.0,938.0,1162.0,940.0,786.0,916.0,1002.0,898.0,1084.0,894.0,1280.0,922.0,972.0,1098.0,1052.0,1064.0,1116.0,1100.0,938.0,1236.0,1046.0,1198.0,1152.0,1236.0,1054.0,1260.0
04676d138.jpg,778.0,734.0,1046.0,726.0,674.0,712.0,854.0,684.0,962.0,678.0,1156.0,708.0,826.0,882.0,916.0,862.0,1002.0,880.0,788.0,1004.0,910.0,978.0,1036.0,1002.0,910.0,1054.0
04681d102.jpg,726.0,846.0,992.0,850.0,634.0,808.0,796.0,790.0,920.0,786.0,1090.0,828.0,778.0,1030.0,854.0,1002.0,928.0,1026.0,764.0,1144.0,860.0,1112.0,954.0,1140.0,866.0,1198.0
04681d78.jpg,578.0,924.0,822.0,916.0,512.0,892.0,648.0,868.0,764.0,864.0,916.0,884.0,648.0,1090.0,716.0,1058.0,788.0,1078.0,632.0,1190.0,722.0,1158.0,818.0,1176.0,730.0,1234.0
04682d160.jpg,674.0,928.0,914.0,926.0,576.0,908.0,728.0,862.0,866.0,856.0,1022.0,902.0,732.0,1114.0,812.0,1082.0,890.0,1110.0,690.0,1224.0,806.0,1194.0,914.0,1224.0,808.0,1272.0
04682d78.jpg,796.0,860.0,1012.0,850.0,702.0,856.0,850.0,808.0,954.0,794.0,1114.0,828.0,846.0,1028.0,912.0,992.0,986.0,1020.0,812.0,1126.0,914.0,1098.0,1018.0,1122.0,922.0,1168.0
04683d251.jpg,822.0,846.0,1104.0,838.0,710.0,806.0,898.0,780.0,1012.0,772.0,1220.0,800.0,864.0,1010.0,956.0,972.0,1056.0,1006.0,862.0,1154.0,960.0,1110.0,1068.0,1142.0,966.0,1174.0
04684d169.jpg,716.0,386.0,966.0,374.0,622.0,332.0,766.0,304.0,892.0,296.0,1056.0,316.0,758.0,542.0,842.0,528.0,930.0,542.0,742.0,658.0,842.0,624.0,954.0,658.0,850.0,720.0
04684d188.jpg,826.0,850.0,1098.0,848.0,730.0,786.0,894.0,772.0,1022.0,766.0,1204.0,792.0,870.0,1036.0,958.0,1016.0,1042.0,1046.0,850.0,1176.0,954.0,1136.0,1060.0,1184.0,960.0,1216.0
04684d253.jpg,940.0,1098.0,1222.0,1106.0,836.0,1048.0,998.0,1028.0,1156.0,1026.0,1322.0,1060.0,976.0,1286.0,1072.0,1276.0,1168.0,1290.0,946.0,1400.0,1072.0,1388.0,1192.0,1410.0,1076.0,1490.0
04688d04.jpg,828.0,598.0,1092.0,600.0,714.0,584.0,912.0,548.0,1010.0,540.0,1206.0,582.0,900.0,738.0,976.0,686.0,1044.0,734.0,874.0,878.0,978.0,824.0,1078.0,870.0,980.0,900.0
04689d22.jpg,798.0,574.0,1078.0,576.0,692.0,506.0,874.0,486.0,1008.0,484.0,1190.0,520.0,866.0,754.0,952.0,718.0,1024.0,758.0,830.0,914.0,948.0,854.0,1054.0,902.0,948.0,990.0
04689d32.jpg,866.0,938.0,1132.0,928.0,762.0,862.0,926.0,862.0,1068.0,848.0,1236.0,850.0,932.0,1126.0,1006.0,1098.0,1084.0,1116.0,914.0,1264.0,1012.0,1224.0,1118.0,1248.0,1022.0,1340.0
04692d131.jpg,996.0,910.0,1274.0,918.0,902.0,848.0,1074.0,858.0,1202.0,858.0,1362.0,860.0,1064.0,1060.0,1146.0,1058.0,1212.0,1064.0,1020.0,1162.0,1138.0,1160.0,1250.0,1166.0,1136.0,1238.0
04692d66.jpg,648.0,1356.0,910.0,1366.0,560.0,1304.0,718.0,1316.0,842.0,1314.0,1010.0,1308.0,708.0,1522.0,776.0,1506.0,858.0,1520.0,688.0,1632.0,776.0,1616.0,884.0,1638.0,782.0,1700.0
04693d23.jpg,834.0,1030.0,1080.0,1026.0,724.0,996.0,924.0,968.0,994.0,962.0,1184.0,996.0,882.0,1164.0,962.0,1134.0,1042.0,1164.0,844.0,1266.0,956.0,1246.0,1070.0,1274.0,958.0,1320.0
04693d32.jpg,572.0,1132.0,818.0,1112.0,488.0,1086.0,670.0,1058.0,744.0,1048.0,942.0,1064.0,650.0,1266.0,722.0,1234.0,802.0,1254.0,636.0,1380.0,728.0,1346.0,828.0,1370.0,734.0,1402.0
04695d11.jpg,794.0,814.0,1044.0,820.0,698.0,780.0,880.0,756.0,960.0,758.0,1134.0,786.0,850.0,942.0,930.0,900.0,1000.0,950.0,808.0,1056.0,922.0,1030.0,1034.0,1066.0,922.0,1084.0
04696d11.jpg,776.0,1160.0,1038.0,1136.0,688.0,1140.0,816.0,1106.0,962.0,1088.0,1110.0,1082.0,832.0,1290.0,912.0,1264.0,994.0,1274.0,808.0,1378.0,920.0,1360.0,1034.0,1356.0,932.0,1416.0
04697d137.jpg,812.0,1046.0,1068.0,1050.0,712.0,1028.0,892.0,1018.0,1024.0,1014.0,1166.0,1034.0,870.0,1212.0,962.0,1200.0,1030.0,1216.0,828.0,1304.0,950.0,1292.0,1054.0,1300.0,952.0,1384.0
04697d16.jpg,868.0,1292.0,1114.0,1294.0,770.0,1272.0,928.0,1258.0,1058.0,1258.0,1198.0,1280.0,912.0,1434.0,990.0,1430.0,1066.0,1436.0,874.0,1526.0,986.0,1510.0,1092.0,1528.0,982.0,1616.0
04697d163.jpg,1000.0,966.0,1252.0,978.0,914.0,946.0,1078.0,940.0,1202.0,942.0,1348.0,964.0,1056.0,1132.0,1144.0,1122.0,1208.0,1140.0,1012.0,1220.0,1126.0,1214.0,1224.0,1226.0,1118.0,1318.0
04697d44.jpg,962.0,1104.0,1204.0,1112.0,864.0,1082.0,1038.0,1076.0,1156.0,1078.0,1298.0,1100.0,1022.0,1266.0,1098.0,1240.0,1160.0,1272.0,988.0,1368.0,1086.0,1350.0,1176.0,1376.0,1088.0,1416.0
04698d24.jpg,606.0,536.0,868.0,510.0,508.0,536.0,678.0,484.0,768.0,470.0,958.0,476.0,692.0,668.0,748.0,608.0,818.0,654.0,674.0,816.0,758.0,752.0,866.0,794.0,768.0,842.0
04698d25.jpg,632.0,548.0,884.0,526.0,534.0,548.0,700.0,502.0,792.0,484.0,980.0,498.0,710.0,676.0,766.0,618.0,846.0,660.0,690.0,820.0,784.0,756.0,898.0,784.0,796.0,852.0
04708d109.jpg,866.0,980.0,1156.0,968.0,760.0,936.0,918.0,912.0,1088.0,902.0,1268.0,924.0,922.0,1170.0,1002.0,1132.0,1110.0,1162.0,920.0,1296.0,1014.0,1260.0,1126.0,1282.0,1022.0,1362.0
04708d34.jpg,684.0,1208.0,968.0,1186.0,596.0,1168.0,760.0,1144.0,892.0,1132.0,1090.0,1130.0,758.0,1386.0,842.0,1356.0,946.0,1368.0,760.0,1520.0,852.0,1468.0,960.0,1506.0,864.0,1566.0
04708d80.jpg,740.0,1210.0,1014.0,1184.0,644.0,1158.0,788.0,1142.0,954.0,1126.0,1100.0,1126.0,798.0,1386.0,886.0,1348.0,976.0,1364.0,802.0,1510.0,894.0,1464.0,1002.0,1482.0,908.0,1558.0
04708d90.jpg,778.0,794.0,1066.0,766.0,664.0,742.0,826.0,718.0,1002.0,704.0,1178.0,718.0,854.0,980.0,946.0,948.0,1032.0,968.0,850.0,1112.0,960.0,1074.0,1062.0,1082.0,960.0,1164.0
04709d138.jpg,934.0,1284.0,1198.0,1288.0,842.0,1238.0,976.0,1226.0,1160.0,1228.0,1294.0,1248.0,982.0,1456.0,1066.0,1440.0,1148.0,1452.0,960.0,1568.0,1062.0,1542.0,1168.0,1564.0,1064.0,1612.0
04709d91.jpg,1092.0,856.0,1362.0,842.0,982.0,822.0,1128.0,786.0,1294.0,788.0,1470.0,802.0,1144.0,1026.0,1228.0,996.0,1312.0,1012.0,1126.0,1146.0,1234.0,1112.0,1354.0,1128.0,1238.0,1184.0
04712d14.jpg,720.0,766.0,960.0,752.0,614.0,768.0,808.0,734.0,864.0,718.0,1064.0,726.0,776.0,918.0,848.0,888.0,916.0,914.0,766.0,1060.0,852.0,1012.0,944.0,1050.0,858.0,1096.0
04712d83.jpg,736.0,934.0,992.0,912.0,616.0,928.0,832.0,898.0,890.0,886.0,1098.0,888.0,796.0,1084.0,870.0,1044.0,948.0,1074.0,782.0,1238.0,872.0,1180.0,976.0,1220.0,880.0,1266.0
04712d85.jpg,678.0,952.0,932.0,930.0,550.0,960.0,768.0,924.0,832.0,908.0,1048.0,900.0,734.0,1102.0,810.0,1070.0,894.0,1096.0,720.0,1258.0,828.0,1210.0,934.0,1234.0,832.0,1288.0
04714d03.jpg,806.0,1016.0,1040.0,992.0,714.0,976.0,858.0,960.0,970.0,944.0,1128.0,944.0,862.0,1156.0,934.0,1134.0,1016.0,1136.0,850.0,1264.0,946.0,1228.0,1050.0,1242.0,958.0,1298.0
04714d139.jpg,904.0,990.0,1158.0,988.0,802.0,950.0,972.0,934.0,1094.0,926.0,1258.0,950.0,952.0,1150.0,1032.0,1128.0,1114.0,1146.0,932.0,1266.0,1032.0,1238.0,1140.0,1266.0,1036.0,1314.0
04719d105.jpg,814.0,878.0,1078.0,864.0,718.0,862.0,874.0,814.0,982.0,810.0,1180.0,842.0,874.0,1036.0,950.0,1028.0,1030.0,1028.0,846.0,1152.0,952.0,1120.0,1076.0,1124.0,964.0,1220.0
04719d110.jpg,686.0,942.0,946.0,928.0,594.0,920.0,772.0,894.0,848.0,890.0,1052.0,906.0,742.0,1124.0,818.0,1114.0,898.0,1120.0,730.0,1234.0,828.0,1220.0,926.0,1224.0,826.0,1272.0
04719d168.jpg,878.0,1122.0,1148.0,1094.0,778.0,1112.0,946.0,1062.0,1024.0,1060.0,1242.0,1062.0,934.0,1298.0,1008.0,1284.0,1098.0,1270.0,922.0,1402.0,1026.0,1386.0,1148.0,1372.0,1038.0,1448.0
04719d28.jpg,762.0,636.0,1006.0,616.0,678.0,618.0,838.0,572.0,922.0,568.0,1088.0,588.0,824.0,786.0,892.0,756.0,964.0,776.0,818.0,904.0,898.0,864.0,992.0,888.0,908.0,926.0
04719d53.jpg,664.0,498.0,914.0,490.0,576.0,474.0,746.0,432.0,822.0,432.0,1012.0,470.0,714.0,646.0,794.0,622.0,870.0,636.0,680.0,744.0,796.0,718.0,912.0,734.0,802.0,804.0
04720d52.jpg,734.0,1140.0,980.0,1116.0,626.0,1090.0,796.0,1100.0,902.0,1082.0,1072.0,1054.0,802.0,1292.0,868.0,1258.0,934.0,1280.0,782.0,1416.0,872.0,1374.0,966.0,1400.0,880.0,1454.0
04722d26.jpg,868.0,870.0,1110.0,860.0,774.0,840.0,912.0,836.0,1034.0,822.0,1192.0,820.0,914.0,1034.0,978.0,1010.0,1048.0,1026.0,890.0,1134.0,984.0,1118.0,1084.0,1134.0,990.0,1172.0
04724d118.jpg,940.0,728.0,1182.0,708.0,822.0,718.0,1000.0,676.0,1110.0,666.0,1294.0,686.0,1002.0,888.0,1078.0,858.0,1144.0,880.0,984.0,1028.0,1078.0,992.0,1166.0,1014.0,1078.0,1060.0
04724d14.jpg,620.0,506.0,840.0,486.0,518.0,500.0,686.0,450.0,774.0,452.0,936.0,468.0,678.0,648.0,750.0,620.0,816.0,640.0,670.0,768.0,750.0,736.0,830.0,758.0,754.0,796.0
04724d21.jpg,804.0,1084.0,1032.0,1064.0,694.0,1074.0,856.0,1026.0,966.0,1014.0,1134.0,1036.0,862.0,1234.0,936.0,1208.0,1004.0,1220.0,836.0,1344.0,936.0,1324.0,1036.0,1322.0,944.0,1392.0
04724d59.jpg,910.0,904.0,1142.0,904.0,802.0,880.0,982.0,866.0,1080.0,864.0,1246.0,888.0,962.0,1072.0,1042.0,1062.0,1104.0,1074.0,926.0,1182.0,1026.0,1174.0,1110.0,1174.0,1022.0,1238.0
04724d66.jpg,876.0,764.0,1114.0,756.0,764.0,744.0,934.0,712.0,1044.0,706.0,1218.0,746.0,926.0,924.0,1000.0,898.0,1066.0,918.0,900.0,1048.0,998.0,1020.0,1084.0,1042.0,998.0,1082.0
04725d22.jpg,578.0,1502.0,830.0,1482.0,486.0,1464.0,628.0,1460.0,780.0,1440.0,928.0,1436.0,640.0,1652.0,702.0,1616.0,778.0,1644.0,620.0,1774.0,712.0,1734.0,810.0,1754.0,720.0,1796.0
04726d85.jpg,798.0,842.0,1082.0,850.0,694.0,784.0,864.0,772.0,1016.0,776.0,1196.0,806.0,846.0,1034.0,936.0,1018.0,1032.0,1044.0,818.0,1150.0,932.0,1140.0,1062.0,1152.0,940.0,1204.0
04727d155.jpg,796.0,1274.0,1046.0,1256.0,696.0,1234.0,844.0,1230.0,982.0,1212.0,1132.0,1202.0,842.0,1408.0,910.0,1386.0,994.0,1400.0,828.0,1516.0,916.0,1480.0,1038.0,1496.0,928.0,1576.0
04727d26.jpg,736.0,754.0,990.0,748.0,646.0,706.0,794.0,698.0,918.0,700.0,1066.0,694.0,790.0,886.0,862.0,870.0,936.0,884.0,764.0,984.0,860.0,958.0,970.0,976.0,874.0,1052.0
04727d27.jpg,756.0,744.0,1000.0,726.0,662.0,714.0,818.0,704.0,918.0,700.0,1076.0,684.0,810.0,888.0,874.0,864.0,950.0,880.0,796.0,1004.0,880.0,960.0,990.0,984.0,892.0,1056.0
04727d87.jpg,912.0,974.0,1160.0,980.0,820.0,924.0,974.0,940.0,1098.0,938.0,1254.0,936.0,952.0,1110.0,1022.0,1100.0,1104.0,1118.0,924.0,1222.0,1022.0,1188.0,1128.0,1220.0,1020.0,1298.0
04727d93.jpg,722.0,1126.0,972.0,1122.0,628.0,1088.0,784.0,1098.0,914.0,1092.0,1066.0,1080.0,768.0,1272.0,846.0,1272.0,926.0,1268.0,744.0,1364.0,840.0,1346.0,960.0,1360.0,846.0,1450.0
04729d29.jpg,952.0,836.0,1184.0,828.0,856.0,802.0,990.0,792.0,1118.0,790.0,1284.0,790.0,988.0,990.0,1064.0,988.0,1146.0,986.0,956.0,1068.0,1068.0,1072.0,1206.0,1064.0,1072.0,1164.0
04729d34.jpg,598.0,1052.0,826.0,1030.0,490.0,1008.0,640.0,1000.0,752.0,982.0,922.0,964.0,654.0,1218.0,712.0,1198.0,790.0,1206.0,644.0,1320.0,726.0,1298.0,834.0,1300.0,738.0,1366.0
04730d03.jpg,628.0,1406.0,900.0,1396.0,522.0,1390.0,664.0,1358.0,858.0,1348.0,1008.0,1368.0,694.0,1530.0,778.0,1516.0,862.0,1536.0,656.0,1646.0,782.0,1618.0,900.0,1632.0,778.0,1676.0
04730d15.jpg,726.0,1528.0,992.0,1524.0,620.0,1492.0,758.0,1466.0,956.0,1468.0,1094.0,1494.0,782.0,1650.0,868.0,1640.0,948.0,1660.0,750.0,1760.0,866.0,1742.0,974.0,1758.0,866.0,1792.0
04731d26.jpg,572.0,1456.0,824.0,1460.0,480.0,1408.0,638.0,1400.0,758.0,1394.0,912.0,1408.0,624.0,1596.0,710.0,1572.0,782.0,1600.0,590.0,1716.0,702.0,1668.0,814.0,1718.0,708.0,1786.0
04734d135.jpg,918.0,876.0,1164.0,874.0,822.0,814.0,966.0,810.0,1104.0,806.0,1256.0,812.0,966.0,1042.0,1036.0,1022.0,1118.0,1040.0,948.0,1142.0,1038.0,1124.0,1158.0,1128.0,1052.0,1200.0
04734d172.jpg,910.0,1468.0,1166.0,1468.0,816.0,1404.0,954.0,1418.0,1096.0,1404.0,1248.0,1392.0,958.0,1656.0,1028.0,1632.0,1106.0,1648.0,954.0,1772.0,1030.0,1740.0,1140.0,1764.0,1040.0,1818.0
04738d09.jpg,690.0,1120.0,936.0,1120.0,574.0,1090.0,770.0,1086.0,872.0,1078.0,1046.0,1080.0,748.0,1272.0,820.0,1232.0,894.0,1276.0,720.0,1402.0,824.0,1366.0,932.0,1400.0,834.0,1464.0
04738d27.jpg,450.0,532.0,722.0,538.0,322.0,502.0,538.0,498.0,652.0,500.0,842.0,506.0,508.0,706.0,596.0,668.0,678.0,710.0,474.0,844.0,598.0,818.0,702.0,860.0,604.0,932.0
04738d54.jpg,692.0,940.0,946.0,950.0,580.0,906.0,774.0,910.0,876.0,904.0,1062.0,920.0,750.0,1100.0,822.0,1054.0,898.0,1102.0,726.0,1240.0,822.0,1196.0,922.0,1240.0,820.0,1262.0
04738d62.jpg,720.0,788.0,982.0,782.0,600.0,766.0,802.0,758.0,914.0,742.0,1096.0,740.0,780.0,950.0,852.0,906.0,936.0,942.0,766.0,1090.0,864.0,1040.0,972.0,1084.0,868.0,1120.0
04738d67.jpg,674.0,768.0,938.0,768.0,546.0,742.0,748.0,740.0,862.0,730.0,1056.0,732.0,728.0,938.0,808.0,892.0,894.0,934.0,700.0,1066.0,810.0,1042.0,930.0,1074.0,822.0,1142.0
04742d09.jpg,664.0,668.0,918.0,648.0,584.0,664.0,718.0,626.0,862.0,600.0,1010.0,624.0,728.0,842.0,794.0,802.0,880.0,818.0,692.0,942.0,802.0,912.0,914.0,918.0,816.0,968.0
04744d20.jpg,536.0,1198.0,792.0,1196.0,454.0,1142.0,618.0,1116.0,710.0,1106.0,868.0,1136.0,600.0,1376.0,670.0,1344.0,736.0,1374.0,572.0,1482.0,662.0,1462.0,758.0,1490.0,668.0,1550.0
04745d52.jpg,628.0,794.0,872.0,780.0,524.0,750.0,686.0,724.0,806.0,714.0,972.0,714.0,698.0,954.0,750.0,930.0,822.0,946.0,674.0,1082.0,762.0,1036.0,860.0,1064.0,772.0,1104.0
04745d93.jpg,772.0,1016.0,1004.0,1002.0,668.0,976.0,812.0,948.0,930.0,936.0,1102.0,940.0,832.0,1168.0,886.0,1146.0,954.0,1160.0,814.0,1296.0,896.0,1252.0,992.0,1280.0,900.0,1310.0
04748d96.jpg,928.0,946.0,1208.0,952.0,796.0,910.0,1018.0,920.0,1154.0,908.0,1334.0,908.0,964.0,1126.0,1052.0,1126.0,1158.0,1124.0,934.0,1254.0,1064.0,1262.0,1200.0,1254.0,1072.0,1304.0
04749d09.jpg,804.0,830.0,1052.0,818.0,698.0,816.0,864.0,776.0,972.0,764.0,1138.0,796.0,852.0,978.0,934.0,960.0,996.0,970.0,820.0,1076.0,934.0,1052.0,1044.0,1064.0,936.0,1148.0
04749d153.jpg,880.0,696.0,1166.0,688.0,766.0,692.0,950.0,638.0,1086.0,626.0,1276.0,674.0,934.0,866.0,1030.0,858.0,1110.0,862.0,898.0,984.0,1028.0,956.0,1146.0,972.0,1030.0,1062.0
04749d160.jpg,784.0,522.0,1066.0,508.0,678.0,504.0,862.0,458.0,976.0,444.0,1174.0,482.0,854.0,692.0,934.0,658.0,1002.0,686.0,830.0,832.0,932.0,790.0,1042.0,816.0,936.0,852.0
04749d20.jpg,714.0,870.0,978.0,856.0,606.0,842.0,788.0,812.0,892.0,804.0,1078.0,834.0,776.0,1040.0,848.0,1010.0,916.0,1036.0,744.0,1164.0,848.0,1130.0,950.0,1150.0,852.0,1192.0
04749d95.jpg,636.0,514.0,912.0,502.0,530.0,504.0,718.0,454.0,828.0,442.0,1026.0,470.0,696.0,682.0,788.0,668.0,866.0,672.0,666.0,804.0,788.0,776.0,908.0,780.0,798.0,870.0
04750d16.jpg,942.0,582.0,1196.0,568.0,836.0,532.0,1002.0,498.0,1128.0,496.0,1292.0,520.0,1004.0,722.0,1082.0,702.0,1158.0,720.0,958.0,838.0,1086.0,812.0,1204.0,826.0,1090.0,904.0
04751d03.jpg,704.0,698.0,988.0,688.0,594.0,670.0,784.0,642.0,894.0,636.0,1100.0,664.0,758.0,856.0,844.0,844.0,934.0,856.0,722.0,980.0,846.0,958.0,972.0,972.0,850.0,1034.0
04753d04.jpg,652.0,742.0,918.0,748.0,544.0,672.0,734.0,680.0,858.0,680.0,1018.0,692.0,702.0,924.0,788.0,892.0,866.0,920.0,684.0,1042.0,788.0,1022.0,880.0,1042.0,794.0,1092.0
04754d11.jpg,700.0,806.0,966.0,800.0,602.0,762.0,738.0,744.0,924.0,738.0,1060.0,760.0,758.0,960.0,826.0,946.0,904.0,960.0,734.0,1064.0,830.0,1040.0,938.0,1064.0,842.0,1128.0
04754d126.jpg,828.0,1024.0,1096.0,1016.0,730.0,990.0,872.0,974.0,1036.0,972.0,1194.0,970.0,898.0,1190.0,966.0,1180.0,1038.0,1186.0,870.0,1290.0,972.0,1270.0,1072.0,1290.0,982.0,1348.0
04754d38.jpg,666.0,1618.0,944.0,1600.0,556.0,1580.0,708.0,1552.0,896.0,1534.0,1046.0,1548.0,740.0,1784.0,812.0,1764.0,888.0,1774.0,724.0,1906.0,820.0,1868.0,924.0,1892.0,832.0,1954.0
04754d41.jpg,664.0,1630.0,946.0,1612.0,550.0,1596.0,712.0,1562.0,904.0,1550.0,1050.0,1564.0,738.0,1792.0,818.0,1778.0,890.0,1778.0,700.0,1896.0,822.0,1866.0,948.0,1878.0,832.0,1958.0
04754d45.jpg,688.0,1044.0,966.0,1036.0,590.0,1012.0,728.0,982.0,916.0,976.0,1062.0,984.0,754.0,1200.0,830.0,1192.0,908.0,1192.0,720.0,1300.0,836.0,1274.0,952.0,1292.0,848.0,1364.0
04754d47.jpg,668.0,1052.0,932.0,1030.0,554.0,1022.0,698.0,988.0,882.0,970.0,1040.0,984.0,734.0,1204.0,804.0,1192.0,884.0,1190.0,706.0,1308.0,816.0,1276.0,932.0,1294.0,826.0,1372.0
04757d15.jpg,666.0,1332.0,912.0,1320.0,564.0,1274.0,700.0,1268.0,860.0,1256.0,990.0,1248.0,724.0,1502.0,796.0,1482.0,870.0,1494.0,700.0,1594.0,802.0,1574.0,904.0,1580.0,812.0,1662.0
04757d44.jpg,792.0,934.0,1034.0,938.0,706.0,874.0,832.0,876.0,986.0,876.0,1120.0,874.0,836.0,1108.0,904.0,1090.0,980.0,1108.0,810.0,1192.0,908.0,1182.0,1012.0,1192.0,914.0,1268.0
04757d56.jpg,682.0,894.0,942.0,896.0,580.0,824.0,724.0,826.0,890.0,822.0,1040.0,826.0,734.0,1086.0,808.0,1058.0,884.0,1078.0,712.0,1182.0,808.0,1162.0,914.0,1176.0,814.0,1256.0
04758d102.jpg,846.0,694.0,1108.0,718.0,742.0,646.0,938.0,636.0,1038.0,650.0,1208.0,712.0,878.0,848.0,982.0,830.0,1066.0,874.0,830.0,1024.0,974.0,970.0,1114.0,1040.0,974.0,1108.0
04758d46.jpg,718.0,552.0,968.0,592.0,620.0,506.0,820.0,494.0,910.0,514.0,1084.0,574.0,762.0,710.0,850.0,666.0,922.0,730.0,718.0,870.0,832.0,834.0,936.0,900.0,824.0,892.0
04758d85.jpg,870.0,1074.0,1122.0,1108.0,780.0,1042.0,962.0,1026.0,1060.0,1044.0,1224.0,1100.0,912.0,1228.0,1004.0,1194.0,1066.0,1250.0,872.0,1386.0,978.0,1352.0,1068.0,1412.0,978.0,1410.0
04759d04.jpg,666.0,838.0,930.0,794.0,566.0,818.0,720.0,758.0,838.0,726.0,1028.0,734.0,736.0,980.0,798.0,928.0,888.0,958.0,734.0,1128.0,822.0,1050.0,932.0,1090.0,836.0,1156.0
04759d25.jpg,546.0,794.0,822.0,766.0,428.0,782.0,614.0,708.0,736.0,686.0,930.0,730.0,616.0,948.0,692.0,892.0,778.0,934.0,610.0,1092.0,700.0,1032.0,816.0,1078.0,712.0,1122.0
04759d27.jpg,516.0,802.0,790.0,766.0,398.0,786.0,578.0,714.0,708.0,692.0,884.0,710.0,590.0,948.0,660.0,894.0,750.0,926.0,590.0,1096.0,680.0,1030.0,792.0,1068.0,694.0,1120.0
04760d116.jpg,870.0,974.0,1134.0,966.0,770.0,928.0,904.0,910.0,1066.0,900.0,1232.0,910.0,918.0,1150.0,986.0,1122.0,1068.0,1142.0,916.0,1278.0,1000.0,1240.0,1104.0,1262.0,1004.0,1314.0
04760d127.jpg,844.0,1112.0,1114.0,1122.0,746.0,1052.0,890.0,1056.0,1066.0,1052.0,1216.0,1072.0,878.0,1300.0,962.0,1282.0,1054.0,1302.0,872.0,1428.0,972.0,1392.0,1082.0,1414.0,980.0,1496.0
04760d15.jpg,804.0,734.0,1060.0,728.0,704.0,684.0,842.0,674.0,986.0,660.0,1156.0,672.0,846.0,906.0,916.0,876.0,1000.0,900.0,840.0,1032.0,920.0,984.0,1030.0,1016.0,934.0,1094.0
04760d92.jpg,756.0,932.0,1012.0,932.0,658.0,880.0,796.0,874.0,954.0,864.0,1112.0,876.0,802.0,1108.0,878.0,1078.0,960.0,1104.0,798.0,1230.0,884.0,1190.0,978.0,1220.0,896.0,1270.0
04762d69.jpg,878.0,680.0,1144.0,670.0,766.0,652.0,910.0,612.0,1094.0,594.0,1248.0,624.0,930.0,864.0,1020.0,818.0,1100.0,854.0,934.0,996.0,1020.0,950.0,1110.0,990.0,1024.0,1042.0
04763d02.jpg,794.0,678.0,1062.0,660.0,686.0,636.0,856.0,610.0,988.0,598.0,1164.0,614.0,852.0,854.0,926.0,820.0,1000.0,844.0,830.0,980.0,936.0,950.0,1030.0,966.0,938.0,1016.0
04763d137.jpg,912.0,1018.0,1194.0,1008.0,800.0,982.0,976.0,960.0,1106.0,950.0,1306.0,964.0,966.0,1212.0,1044.0,1192.0,1132.0,1198.0,924.0,1308.0,1050.0,1312.0,1168.0,1310.0,1056.0,1378.0
04763d149.jpg,880.0,776.0,1170.0,758.0,778.0,718.0,950.0,708.0,1092.0,698.0,1286.0,702.0,938.0,968.0,1026.0,946.0,1114.0,954.0,898.0,1068.0,1030.0,1068.0,1156.0,1062.0,1044.0,1134.0
04763d81.jpg,832.0,900.0,1118.0,886.0,720.0,844.0,890.0,836.0,1028.0,824.0,1226.0,828.0,886.0,1096.0,958.0,1078.0,1060.0,1084.0,852.0,1194.0,970.0,1196.0,1090.0,1192.0,974.0,1266.0
04764d03.jpg,692.0,622.0,958.0,610.0,586.0,576.0,762.0,568.0,874.0,560.0,1050.0,550.0,750.0,786.0,836.0,762.0,928.0,770.0,738.0,904.0,842.0,866.0,964.0,884.0,850.0,952.0
04765d90.jpg,1012.0,826.0,1262.0,822.0,926.0,772.0,1066.0,772.0,1214.0,772.0,1354.0,774.0,1060.0,986.0,1152.0,966.0,1234.0,982.0,1048.0,1098.0,1154.0,1080.0,1246.0,1090.0,1154.0,1154.0
04766d16.jpg,914.0,690.0,1184.0,696.0,824.0,636.0,994.0,626.0,1124.0,626.0,1284.0,666.0,974.0,852.0,1072.0,814.0,1142.0,854.0,976.0,992.0,1066.0,946.0,1154.0,992.0,1068.0,1028.0
04773d100.jpg,912.0,636.0,1142.0,642.0,812.0,598.0,974.0,596.0,1066.0,594.0,1238.0,598.0,972.0,784.0,1034.0,760.0,1090.0,784.0,944.0,912.0,1026.0,874.0,1112.0,914.0,1030.0,942.0
04773d139.jpg,870.0,1132.0,1116.0,1138.0,770.0,1098.0,924.0,1092.0,1044.0,1088.0,1218.0,1090.0,928.0,1294.0,996.0,1272.0,1056.0,1298.0,892.0,1428.0,986.0,1398.0,1078.0,1438.0,986.0,1470.0
04773d14.jpg,720.0,744.0,944.0,744.0,622.0,702.0,786.0,698.0,888.0,688.0,1036.0,702.0,784.0,874.0,848.0,854.0,896.0,876.0,762.0,998.0,848.0,962.0,934.0,1004.0,848.0,1024.0
04773d47.jpg,928.0,1192.0,1156.0,1194.0,826.0,1154.0,980.0,1148.0,1106.0,1146.0,1252.0,1146.0,992.0,1322.0,1058.0,1312.0,1116.0,1320.0,936.0,1442.0,1054.0,1408.0,1162.0,1444.0,1054.0,1498.0
04774d15.jpg,908.0,712.0,1152.0,706.0,814.0,670.0,972.0,650.0,1096.0,648.0,1246.0,676.0,970.0,878.0,1036.0,842.0,1100.0,872.0,924.0,988.0,1040.0,952.0,1142.0,972.0,1046.0,1060.0
04774d53.jpg,778.0,1048.0,1030.0,1052.0,682.0,1002.0,842.0,992.0,972.0,998.0,1136.0,1018.0,832.0,1220.0,902.0,1186.0,968.0,1222.0,792.0,1332.0,902.0,1308.0,1018.0,1330.0,906.0,1414.0
04775d50.jpg,784.0,706.0,1056.0,680.0,654.0,696.0,870.0,636.0,962.0,622.0,1174.0,638.0,852.0,850.0,930.0,802.0,1018.0,838.0,838.0,982.0,942.0,924.0,1054.0,966.0,946.0,998.0
04777d104.jpg,708.0,1440.0,926.0,1418.0,616.0,1414.0,744.0,1386.0,880.0,1374.0,1014.0,1384.0,754.0,1578.0,820.0,1554.0,904.0,1574.0,730.0,1690.0,830.0,1660.0,940.0,1674.0,834.0,1738.0
04777d20.jpg,822.0,1108.0,1028.0,1092.0,756.0,1078.0,874.0,1054.0,994.0,1042.0,1120.0,1054.0,876.0,1232.0,936.0,1198.0,1008.0,1222.0,858.0,1326.0,940.0,1290.0,1040.0,1316.0,946.0,1368.0
04778d08.jpg,782.0,1188.0,1014.0,1170.0,686.0,1142.0,840.0,1134.0,972.0,1104.0,1108.0,1106.0,856.0,1352.0,926.0,1324.0,992.0,1338.0,844.0,1480.0,932.0,1430.0,1024.0,1462.0,936.0,1502.0
04778d35.jpg,816.0,726.0,1054.0,712.0,722.0,680.0,852.0,674.0,988.0,656.0,1150.0,646.0,868.0,896.0,938.0,880.0,1016.0,884.0,826.0,982.0,946.0,966.0,1076.0,970.0,958.0,1070.0
04780d08.jpg,874.0,726.0,1124.0,732.0,772.0,706.0,940.0,670.0,1064.0,668.0,1226.0,698.0,920.0,896.0,1000.0,874.0,1066.0,902.0,900.0,1040.0,990.0,998.0,1096.0,1034.0,998.0,1076.0
04780d10.jpg,890.0,754.0,1142.0,754.0,788.0,728.0,956.0,698.0,1078.0,698.0,1244.0,726.0,942.0,926.0,1014.0,906.0,1086.0,926.0,912.0,1062.0,1012.0,1026.0,1120.0,1056.0,1012.0,1106.0
04780d49.jpg,660.0,1298.0,898.0,1306.0,566.0,1276.0,714.0,1260.0,842.0,1258.0,998.0,1280.0,698.0,1460.0,774.0,1464.0,844.0,1460.0,658.0,1570.0,766.0,1556.0,894.0,1566.0,770.0,1632.0
04780d51.jpg,666.0,1302.0,902.0,1314.0,566.0,1282.0,724.0,1258.0,844.0,1264.0,1004.0,1288.0,704.0,1468.0,778.0,1462.0,852.0,1474.0,662.0,1582.0,772.0,1566.0,878.0,1586.0,772.0,1638.0
04782d05.jpg,776.0,736.0,1006.0,736.0,682.0,692.0,860.0,692.0,954.0,682.0,1104.0,702.0,824.0,882.0,914.0,862.0,976.0,872.0,796.0,994.0,906.0,960.0,998.0,992.0,898.0,1052.0
04782d38.jpg,674.0,742.0,924.0,764.0,564.0,690.0,776.0,688.0,876.0,686.0,1028.0,734.0,734.0,912.0,828.0,886.0,886.0,916.0,706.0,1052.0,810.0,1002.0,884.0,1068.0,802.0,1096.0
04782d46.jpg,676.0,750.0,920.0,750.0,570.0,716.0,762.0,694.0,874.0,690.0,1024.0,732.0,742.0,912.0,820.0,878.0,892.0,910.0,728.0,1046.0,818.0,990.0,902.0,1048.0,818.0,1092.0
04782d58.jpg,796.0,632.0,1040.0,630.0,688.0,586.0,894.0,580.0,984.0,582.0,1146.0,598.0,856.0,798.0,942.0,776.0,1004.0,796.0,842.0,928.0,940.0,878.0,1012.0,926.0,932.0,976.0
04787d23.jpg,932.0,816.0,1184.0,812.0,838.0,776.0,992.0,764.0,1116.0,756.0,1280.0,776.0,982.0,980.0,1042.0,964.0,1124.0,974.0,938.0,1062.0,1058.0,1052.0,1198.0,1058.0,1058.0,1132.0
04788d04.jpg,838.0,946.0,1086.0,936.0,738.0,928.0,904.0,880.0,1000.0,872.0,1182.0,908.0,900.0,1066.0,964.0,1018.0,1036.0,1062.0,870.0,1206.0,968.0,1152.0,1068.0,1196.0,966.0,1212.0
04790d59.jpg,838.0,826.0,1092.0,808.0,754.0,810.0,910.0,764.0,1032.0,758.0,1174.0,780.0,894.0,968.0,974.0,958.0,1060.0,958.0,876.0,1080.0,974.0,1048.0,1080.0,1064.0,984.0,1136.0
04790d60.jpg,856.0,818.0,1102.0,804.0,762.0,790.0,920.0,754.0,1030.0,746.0,1180.0,778.0,904.0,956.0,984.0,932.0,1064.0,952.0,902.0,1084.0,990.0,1040.0,1084.0,1070.0,1000.0,1112.0
04792d28.jpg,636.0,536.0,906.0,542.0,520.0,518.0,730.0,468.0,832.0,468.0,1022.0,540.0,698.0,704.0,774.0,664.0,848.0,706.0,684.0,856.0,766.0,822.0,848.0,866.0,772.0,900.0
04797d128.jpg,792.0,858.0,1058.0,862.0,686.0,826.0,854.0,816.0,1004.0,818.0,1162.0,832.0,864.0,1016.0,934.0,982.0,1006.0,1022.0,822.0,1150.0,928.0,1118.0,1036.0,1142.0,932.0,1160.0
04797d38.jpg,780.0,1110.0,1034.0,1098.0,688.0,1084.0,842.0,1062.0,966.0,1058.0,1126.0,1060.0,858.0,1250.0,920.0,1200.0,984.0,1244.0,826.0,1376.0,918.0,1336.0,1014.0,1362.0,924.0,1378.0
04801d76.jpg,772.0,1174.0,994.0,1178.0,702.0,1116.0,832.0,1134.0,956.0,1142.0,1086.0,1144.0,812.0,1326.0,888.0,1298.0,948.0,1328.0,790.0,1442.0,880.0,1400.0,962.0,1440.0,878.0,1482.0
04802d08.jpg,914.0,718.0,1188.0,734.0,814.0,684.0,980.0,666.0,1144.0,674.0,1298.0,718.0,962.0,874.0,1064.0,840.0,1138.0,882.0,944.0,1004.0,1050.0,952.0,1146.0,1006.0,1046.0,1002.0
04803d03.jpg,702.0,904.0,934.0,910.0,610.0,870.0,746.0,860.0,884.0,858.0,1036.0,870.0,750.0,1042.0,820.0,1040.0,892.0,1052.0,726.0,1146.0,820.0,1134.0,920.0,1150.0,818.0,1196.0
04803d108.jpg,858.0,906.0,1108.0,914.0,754.0,860.0,918.0,866.0,1052.0,864.0,1216.0,856.0,908.0,1074.0,990.0,1066.0,1062.0,1082.0,888.0,1174.0,982.0,1172.0,1084.0,1180.0,986.0,1218.0
04803d51.jpg,702.0,540.0,968.0,548.0,604.0,506.0,780.0,494.0,896.0,488.0,1076.0,496.0,758.0,704.0,842.0,700.0,922.0,716.0,726.0,812.0,834.0,806.0,962.0,816.0,826.0,882.0
04806d14.jpg,734.0,1010.0,980.0,1016.0,614.0,972.0,810.0,970.0,916.0,976.0,1092.0,998.0,784.0,1178.0,866.0,1144.0,938.0,1180.0,758.0,1298.0,862.0,1276.0,956.0,1300.0,878.0,1330.0
04806d23.jpg,648.0,1098.0,890.0,1106.0,530.0,1064.0,706.0,1050.0,844.0,1062.0,1012.0,1084.0,708.0,1272.0,790.0,1238.0,858.0,1266.0,686.0,1392.0,784.0,1366.0,882.0,1388.0,790.0,1440.0
04810d20.jpg,780.0,990.0,1052.0,976.0,680.0,966.0,852.0,926.0,970.0,918.0,1138.0,954.0,852.0,1146.0,928.0,1104.0,996.0,1138.0,822.0,1268.0,924.0,1240.0,1018.0,1260.0,926.0,1280.0
04810d27.jpg,746.0,1160.0,1002.0,1134.0,638.0,1160.0,804.0,1088.0,932.0,1076.0,1098.0,1106.0,804.0,1300.0,884.0,1262.0,960.0,1284.0,790.0,1418.0,890.0,1384.0,992.0,1404.0,896.0,1440.0
04810d59.jpg,840.0,870.0,1114.0,854.0,732.0,862.0,906.0,800.0,1038.0,786.0,1212.0,832.0,906.0,1030.0,1000.0,994.0,1078.0,1012.0,886.0,1146.0,996.0,1118.0,1110.0,1132.0,1002.0,1176.0
04810d86.jpg,752.0,1104.0,1020.0,1102.0,650.0,1084.0,822.0,1044.0,954.0,1036.0,1116.0,1078.0,814.0,1260.0,898.0,1236.0,970.0,1258.0,776.0,1378.0,890.0,1350.0,988.0,1376.0,888.0,1408.0
04811d05.jpg,856.0,734.0,1112.0,706.0,746.0,718.0,894.0,660.0,1046.0,644.0,1214.0,678.0,938.0,872.0,998.0,802.0,1068.0,852.0,918.0,1006.0,1010.0,942.0,1124.0,974.0,1038.0,1046.0
04811d17.jpg,790.0,684.0,1050.0,674.0,684.0,682.0,846.0,620.0,986.0,612.0,1148.0,640.0,856.0,824.0,928.0,766.0,996.0,814.0,846.0,964.0,934.0,892.0,1048.0,944.0,950.0,1018.0
04811d20.jpg,712.0,924.0,982.0,904.0,604.0,902.0,770.0,858.0,902.0,852.0,1082.0,874.0,788.0,1086.0,844.0,1022.0,916.0,1074.0,766.0,1222.0,854.0,1172.0,962.0,1210.0,864.0,1250.0
04811d69.jpg,662.0,608.0,930.0,600.0,540.0,592.0,718.0,546.0,866.0,542.0,1038.0,566.0,732.0,750.0,808.0,704.0,882.0,744.0,706.0,886.0,814.0,840.0,932.0,870.0,830.0,950.0
04813d124.jpg,944.0,1162.0,1194.0,1152.0,854.0,1120.0,1002.0,1104.0,1134.0,1100.0,1286.0,1102.0,1008.0,1324.0,1070.0,1300.0,1140.0,1318.0,988.0,1446.0,1076.0,1408.0,1172.0,1430.0,1082.0,1480.0
04815d23.jpg,628.0,766.0,898.0,752.0,514.0,728.0,692.0,684.0,828.0,678.0,1000.0,712.0,670.0,924.0,764.0,882.0,868.0,912.0,664.0,1070.0,776.0,998.0,882.0,1048.0,770.0,1110.0
04821d09.jpg,722.0,910.0,962.0,892.0,622.0,902.0,758.0,866.0,898.0,852.0,1060.0,876.0,760.0,1074.0,838.0,1070.0,916.0,1070.0,738.0,1170.0,836.0,1144.0,974.0,1166.0,860.0,1262.0
04821d21.jpg,676.0,680.0,928.0,662.0,572.0,672.0,718.0,644.0,866.0,632.0,1032.0,650.0,720.0,854.0,802.0,856.0,888.0,850.0,694.0,952.0,804.0,928.0,938.0,940.0,814.0,1046.0
04823d02.jpg,770.0,856.0,1046.0,838.0,658.0,800.0,834.0,788.0,964.0,772.0,1148.0,780.0,822.0,1046.0,916.0,1004.0,1014.0,1036.0,804.0,1180.0,920.0,1146.0,1038.0,1164.0,926.0,1210.0
04829d81.jpg,898.0,650.0,1156.0,664.0,784.0,620.0,978.0,620.0,1080.0,618.0,1272.0,652.0,946.0,808.0,1028.0,802.0,1110.0,822.0,918.0,936.0,1024.0,898.0,1138.0,950.0,1032.0,1002.0
04830d08.jpg,900.0,788.0,1158.0,788.0,816.0,760.0,988.0,732.0,1076.0,722.0,1238.0,760.0,958.0,922.0,1042.0,882.0,1124.0,926.0,946.0,1044.0,1032.0,1004.0,1130.0,1056.0,1028.0,1074.0
04830d32.jpg,746.0,510.0,1002.0,498.0,664.0,466.0,828.0,442.0,944.0,434.0,1086.0,466.0,824.0,638.0,914.0,596.0,982.0,640.0,810.0,764.0,902.0,720.0,992.0,766.0,902.0,788.0
04830d98.jpg,876.0,1306.0,1152.0,1306.0,788.0,1270.0,968.0,1254.0,1078.0,1242.0,1248.0,1268.0,934.0,1482.0,1020.0,1464.0,1110.0,1490.0,918.0,1614.0,1012.0,1590.0,1134.0,1620.0,1016.0,1662.0
04831d08.jpg,858.0,566.0,1116.0,544.0,762.0,524.0,934.0,480.0,1070.0,470.0,1240.0,484.0,956.0,726.0,1024.0,692.0,1092.0,712.0,928.0,842.0,1026.0,808.0,1128.0,828.0,1034.0,866.0
04832d112.jpg,632.0,768.0,902.0,764.0,532.0,712.0,692.0,720.0,828.0,720.0,1000.0,708.0,688.0,948.0,766.0,934.0,852.0,952.0,680.0,1056.0,764.0,1030.0,870.0,1044.0,778.0,1090.0
04832d115.jpg,634.0,796.0,904.0,792.0,532.0,740.0,690.0,750.0,826.0,750.0,1012.0,736.0,686.0,972.0,762.0,968.0,858.0,968.0,652.0,1044.0,768.0,1048.0,916.0,1034.0,774.0,1100.0
04832d34.jpg,818.0,1378.0,1092.0,1368.0,710.0,1328.0,872.0,1322.0,1020.0,1324.0,1190.0,1302.0,884.0,1562.0,954.0,1538.0,1042.0,1556.0,872.0,1678.0,954.0,1644.0,1060.0,1670.0,968.0,1718.0
04833d22.jpg,588.0,394.0,858.0,390.0,478.0,328.0,654.0,314.0,796.0,306.0,970.0,338.0,648.0,566.0,722.0,518.0,806.0,560.0,638.0,700.0,724.0,650.0,818.0,700.0,724.0,726.0
04838d108.jpg,754.0,666.0,1030.0,648.0,640.0,652.0,824.0,620.0,934.0,610.0,1144.0,614.0,822.0,834.0,904.0,800.0,982.0,822.0,802.0,958.0,908.0,928.0,1020.0,944.0,918.0,988.0
04839d03.jpg,790.0,672.0,1058.0,674.0,672.0,652.0,866.0,638.0,1026.0,628.0,1180.0,656.0,842.0,818.0,940.0,788.0,1014.0,808.0,800.0,930.0,932.0,902.0,1056.0,922.0,942.0,998.0
04839d166.jpg,890.0,980.0,1186.0,966.0,766.0,958.0,970.0,936.0,1150.0,918.0,1328.0,942.0,964.0,1142.0,1054.0,1102.0,1144.0,1132.0,936.0,1278.0,1048.0,1242.0,1176.0,1264.0,1062.0,1326.0
04839d26.jpg,810.0,628.0,1080.0,612.0,696.0,602.0,880.0,572.0,1040.0,556.0,1206.0,580.0,872.0,750.0,958.0,706.0,1034.0,748.0,852.0,888.0,948.0,840.0,1064.0,878.0,956.0,904.0
04839d56.jpg,660.0,980.0,944.0,964.0,542.0,958.0,742.0,914.0,904.0,894.0,1074.0,950.0,720.0,1100.0,822.0,1048.0,900.0,1098.0,716.0,1244.0,810.0,1194.0,922.0,1230.0,830.0,1258.0
04841d84.jpg,798.0,1144.0,1048.0,1138.0,708.0,1060.0,872.0,1088.0,978.0,1086.0,1138.0,1054.0,850.0,1332.0,934.0,1308.0,1010.0,1328.0,826.0,1464.0,934.0,1418.0,1034.0,1444.0,932.0,1510.0
04842d101.jpg,846.0,1078.0,1090.0,1066.0,758.0,1034.0,892.0,1014.0,1048.0,1002.0,1190.0,1034.0,892.0,1256.0,974.0,1224.0,1054.0,1246.0,882.0,1368.0,986.0,1328.0,1076.0,1352.0,984.0,1438.0
04842d28.jpg,744.0,934.0,1002.0,932.0,672.0,884.0,814.0,862.0,956.0,858.0,1088.0,892.0,802.0,1108.0,878.0,1078.0,954.0,1104.0,788.0,1230.0,882.0,1198.0,974.0,1220.0,886.0,1278.0
04843d05.jpg,790.0,588.0,1028.0,574.0,704.0,534.0,846.0,518.0,944.0,510.0,1124.0,504.0,842.0,742.0,902.0,712.0,986.0,736.0,824.0,864.0,914.0,830.0,1026.0,844.0,930.0,908.0
04843d120.jpg,840.0,966.0,1084.0,938.0,732.0,910.0,902.0,900.0,1022.0,878.0,1178.0,876.0,900.0,1136.0,972.0,1104.0,1056.0,1118.0,884.0,1246.0,988.0,1226.0,1098.0,1218.0,1002.0,1302.0
04843d28.jpg,666.0,1102.0,918.0,1074.0,548.0,1056.0,718.0,1038.0,808.0,1024.0,998.0,996.0,718.0,1280.0,786.0,1250.0,868.0,1266.0,714.0,1414.0,800.0,1374.0,910.0,1388.0,810.0,1450.0
04843d38.jpg,712.0,778.0,954.0,756.0,612.0,724.0,782.0,706.0,872.0,694.0,1044.0,690.0,778.0,936.0,846.0,898.0,920.0,924.0,776.0,1072.0,854.0,1024.0,948.0,1054.0,864.0,1096.0
04845d05.jpg,988.0,846.0,1222.0,830.0,890.0,784.0,1030.0,752.0,1164.0,746.0,1312.0,758.0,1022.0,1014.0,1094.0,988.0,1178.0,1004.0,1006.0,1118.0,1104.0,1090.0,1212.0,1108.0,1112.0,1166.0
04846d45.jpg,668.0,1178.0,932.0,1166.0,584.0,1102.0,730.0,1122.0,888.0,1108.0,1022.0,1080.0,730.0,1350.0,816.0,1318.0,902.0,1344.0,714.0,1468.0,822.0,1428.0,930.0,1452.0,834.0,1510.0
04847d105.jpg,856.0,1004.0,1130.0,994.0,764.0,948.0,924.0,946.0,1076.0,942.0,1236.0,944.0,910.0,1172.0,992.0,1154.0,1078.0,1164.0,906.0,1286.0,1000.0,1272.0,1106.0,1272.0,1010.0,1328.0
04847d110.jpg,962.0,996.0,1236.0,998.0,866.0,940.0,1022.0,946.0,1164.0,952.0,1336.0,950.0,1006.0,1172.0,1088.0,1154.0,1178.0,1174.0,1008.0,1294.0,1094.0,1274.0,1186.0,1290.0,1102.0,1328.0
04847d26.jpg,636.0,866.0,884.0,862.0,556.0,814.0,700.0,814.0,826.0,814.0,970.0,816.0,682.0,1016.0,758.0,996.0,836.0,1016.0,680.0,1128.0,764.0,1110.0,846.0,1126.0,766.0,1154.0
04847d67.jpg,600.0,792.0,872.0,794.0,514.0,734.0,664.0,738.0,808.0,740.0,968.0,742.0,648.0,960.0,730.0,944.0,818.0,960.0,640.0,1072.0,736.0,1068.0,834.0,1068.0,744.0,1120.0
04848d32.jpg,672.0,834.0,970.0,858.0,560.0,780.0,762.0,764.0,884.0,768.0,1098.0,830.0,720.0,1026.0,808.0,976.0,896.0,1034.0,710.0,1172.0,802.0,1122.0,918.0,1178.0,806.0,1204.0
04848d98.jpg,848.0,860.0,1150.0,890.0,754.0,790.0,948.0,792.0,1070.0,796.0,1260.0,848.0,906.0,1046.0,990.0,1002.0,1074.0,1056.0,888.0,1194.0,982.0,1148.0,1084.0,1208.0,984.0,1234.0
04850d04.jpg,650.0,746.0,926.0,748.0,530.0,676.0,714.0,664.0,844.0,668.0,1038.0,696.0,716.0,920.0,800.0,876.0,874.0,920.0,694.0,1076.0,798.0,1028.0,912.0,1068.0,806.0,1098.0
04851d102.jpg,880.0,1282.0,1136.0,1258.0,782.0,1238.0,934.0,1218.0,1072.0,1200.0,1250.0,1208.0,940.0,1464.0,1022.0,1420.0,1100.0,1448.0,928.0,1570.0,1022.0,1542.0,1132.0,1562.0,1024.0,1610.0
04851d112.jpg,802.0,1074.0,1064.0,1058.0,684.0,1026.0,862.0,1014.0,998.0,1002.0,1180.0,1010.0,852.0,1256.0,928.0,1224.0,1014.0,1258.0,830.0,1380.0,934.0,1354.0,1048.0,1374.0,930.0,1420.0
04851d21.jpg,806.0,804.0,1066.0,788.0,692.0,776.0,870.0,744.0,994.0,732.0,1172.0,732.0,866.0,980.0,950.0,950.0,1032.0,978.0,828.0,1088.0,944.0,1066.0,1060.0,1078.0,950.0,1148.0
04851d78.jpg,732.0,1438.0,988.0,1418.0,622.0,1392.0,788.0,1370.0,930.0,1360.0,1110.0,1362.0,790.0,1616.0,862.0,1584.0,952.0,1610.0,760.0,1734.0,866.0,1708.0,978.0,1728.0,874.0,1774.0
04852d10.jpg,982.0,954.0,1242.0,952.0,918.0,876.0,1050.0,878.0,1184.0,884.0,1328.0,878.0,1036.0,1084.0,1112.0,1058.0,1198.0,1084.0,1030.0,1210.0,1120.0,1168.0,1218.0,1202.0,1122.0,1216.0
04852d14.jpg,930.0,844.0,1206.0,850.0,856.0,772.0,1010.0,780.0,1148.0,774.0,1294.0,774.0,986.0,986.0,1072.0,976.0,1150.0,990.0,964.0,1108.0,1064.0,1076.0,1174.0,1110.0,1070.0,1142.0
04852d29.jpg,784.0,920.0,1064.0,920.0,702.0,854.0,860.0,854.0,982.0,856.0,1156.0,858.0,840.0,1068.0,922.0,1038.0,1012.0,1060.0,812.0,1180.0,926.0,1152.0,1044.0,1170.0,930.0,1208.0
04852d41.jpg,790.0,1060.0,1072.0,1066.0,716.0,990.0,870.0,992.0,1004.0,992.0,1154.0,992.0,846.0,1202.0,934.0,1182.0,1014.0,1206.0,820.0,1326.0,930.0,1288.0,1040.0,1324.0,930.0,1342.0
04853d74.jpg,764.0,1050.0,1020.0,1028.0,672.0,1030.0,818.0,1014.0,958.0,990.0,1116.0,988.0,826.0,1214.0,890.0,1192.0,970.0,1206.0,820.0,1328.0,902.0,1308.0,994.0,1310.0,914.0,1360.0
04856d02.jpg,676.0,842.0,924.0,820.0,578.0,794.0,702.0,786.0,854.0,770.0,1012.0,762.0,732.0,1008.0,804.0,994.0,886.0,998.0,716.0,1118.0,810.0,1106.0,924.0,1108.0,820.0,1162.0
04866d09.jpg,836.0,1060.0,1112.0,1048.0,730.0,1018.0,904.0,1018.0,1034.0,1002.0,1208.0,1008.0,882.0,1220.0,952.0,1180.0,1060.0,1214.0,850.0,1336.0,966.0,1300.0,1104.0,1336.0,980.0,1382.0
04866d25.jpg,880.0,766.0,1164.0,756.0,776.0,726.0,934.0,716.0,1094.0,706.0,1270.0,726.0,930.0,928.0,1008.0,888.0,1108.0,924.0,900.0,1050.0,1016.0,1016.0,1150.0,1054.0,1028.0,1096.0
04868d01.jpg,780.0,500.0,1052.0,498.0,656.0,488.0,854.0,450.0,990.0,448.0,1170.0,486.0,846.0,682.0,930.0,640.0,1008.0,678.0,818.0,820.0,926.0,790.0,1034.0,812.0,934.0,874.0
04868d15.jpg,782.0,512.0,1072.0,506.0,648.0,494.0,858.0,454.0,998.0,448.0,1196.0,484.0,850.0,688.0,942.0,640.0,1020.0,680.0,824.0,842.0,940.0,800.0,1058.0,826.0,944.0,896.0
04869d19.jpg,816.0,434.0,1086.0,442.0,714.0,402.0,874.0,382.0,1026.0,384.0,1188.0,418.0,866.0,584.0,956.0,564.0,1036.0,596.0,812.0,708.0,942.0,688.0,1058.0,720.0,940.0,794.0
04869d49.jpg,872.0,678.0,1146.0,694.0,810.0,638.0,944.0,638.0,1080.0,636.0,1230.0,666.0,912.0,840.0,1004.0,828.0,1086.0,856.0,868.0,958.0,986.0,948.0,1112.0,976.0,986.0,1042.0
04870d44.jpg,848.0,768.0,1094.0,776.0,746.0,742.0,920.0,704.0,1028.0,724.0,1204.0,768.0,888.0,940.0,974.0,916.0,1046.0,946.0,858.0,1072.0,962.0,1040.0,1066.0,1076.0,968.0,1112.0
04871d31.jpg,950.0,798.0,1192.0,784.0,842.0,768.0,1016.0,752.0,1138.0,744.0,1308.0,744.0,1018.0,964.0,1088.0,918.0,1162.0,944.0,1008.0,1080.0,1096.0,1052.0,1200.0,1062.0,1108.0,1116.0
04873d00.jpg,876.0,582.0,1136.0,558.0,750.0,570.0,956.0,520.0,1046.0,514.0,1264.0,528.0,932.0,740.0,1026.0,700.0,1120.0,716.0,924.0,878.0,1032.0,820.0,1150.0,854.0,1046.0,918.0
04873d07.jpg,1040.0,640.0,1324.0,602.0,938.0,624.0,1144.0,566.0,1246.0,552.0,1484.0,562.0,1116.0,784.0,1208.0,750.0,1316.0,758.0,1116.0,930.0,1224.0,864.0,1356.0,898.0,1242.0,972.0
04876d03.jpg,976.0,1278.0,1228.0,1292.0,868.0,1232.0,1056.0,1254.0,1190.0,1254.0,1336.0,1262.0,1020.0,1428.0,1118.0,1430.0,1184.0,1438.0,974.0,1528.0,1100.0,1516.0,1204.0,1538.0,1090.0,1596.0
04882d08.jpg,862.0,520.0,1104.0,502.0,760.0,460.0,904.0,438.0,1040.0,430.0,1190.0,426.0,912.0,684.0,980.0,654.0,1056.0,668.0,890.0,800.0,986.0,756.0,1088.0,786.0,988.0,844.0
04882d09.jpg,844.0,512.0,1084.0,506.0,748.0,442.0,886.0,432.0,1028.0,426.0,1178.0,432.0,886.0,674.0,956.0,650.0,1040.0,672.0,866.0,788.0,960.0,742.0,1066.0,784.0,966.0,856.0
04883d15.jpg,626.0,688.0,886.0,682.0,544.0,650.0,692.0,646.0,824.0,632.0,988.0,648.0,692.0,852.0,766.0,844.0,842.0,850.0,640.0,942.0,772.0,932.0,896.0,932.0,766.0,1046.0
04886d01.jpg,696.0,782.0,934.0,774.0,584.0,744.0,744.0,728.0,874.0,730.0,1048.0,744.0,736.0,930.0,792.0,924.0,886.0,916.0,702.0,1028.0,814.0,1004.0,958.0,1016.0,826.0,1096.0
04887d00.jpg,748.0,902.0,984.0,916.0,652.0,854.0,804.0,840.0,940.0,854.0,1106.0,890.0,798.0,1082.0,860.0,1066.0,920.0,1088.0,770.0,1228.0,854.0,1194.0,938.0,1228.0,856.0,1262.0
04887d32.jpg,842.0,706.0,1080.0,720.0,742.0,668.0,918.0,640.0,1022.0,644.0,1198.0,692.0,890.0,882.0,952.0,846.0,1016.0,884.0,864.0,1028.0,948.0,980.0,1026.0,1030.0,950.0,1056.0
04887d68.jpg,808.0,656.0,1052.0,658.0,698.0,620.0,882.0,592.0,992.0,586.0,1172.0,616.0,864.0,840.0,926.0,804.0,996.0,840.0,840.0,988.0,924.0,940.0,1010.0,978.0,932.0,1008.0
04890d30.jpg,816.0,806.0,1070.0,814.0,716.0,766.0,884.0,758.0,1024.0,772.0,1190.0,772.0,866.0,994.0,956.0,972.0,1030.0,1002.0,842.0,1116.0,946.0,1092.0,1048.0,1120.0,944.0,1152.0
04891d15.jpg,762.0,562.0,1026.0,550.0,650.0,540.0,822.0,514.0,958.0,512.0,1136.0,520.0,820.0,720.0,906.0,698.0,986.0,722.0,786.0,846.0,898.0,818.0,1024.0,838.0,900.0,904.0
04891d34.jpg,848.0,754.0,1120.0,742.0,734.0,738.0,918.0,694.0,1044.0,692.0,1234.0,718.0,912.0,910.0,992.0,872.0,1078.0,908.0,886.0,1058.0,992.0,1000.0,1102.0,1052.0,994.0,1090.0
04892d20.jpg,556.0,738.0,830.0,742.0,422.0,706.0,638.0,698.0,754.0,696.0,958.0,728.0,616.0,902.0,698.0,888.0,776.0,902.0,562.0,1022.0,690.0,988.0,804.0,1026.0,692.0,1058.0
04892d21.jpg,504.0,718.0,790.0,714.0,370.0,696.0,580.0,674.0,716.0,672.0,916.0,702.0,556.0,866.0,642.0,868.0,740.0,868.0,488.0,972.0,646.0,960.0,814.0,966.0,650.0,1042.0
04892d73.jpg,906.0,752.0,1182.0,750.0,778.0,728.0,972.0,696.0,1110.0,700.0,1318.0,754.0,942.0,878.0,1030.0,864.0,1130.0,882.0,876.0,1000.0,1030.0,970.0,1188.0,1004.0,1036.0,1058.0
04893d29.jpg,934.0,846.0,1192.0,810.0,826.0,822.0,996.0,768.0,1108.0,758.0,1288.0,770.0,1000.0,982.0,1070.0,954.0,1162.0,962.0,986.0,1108.0,1092.0,1066.0,1206.0,1072.0,1100.0,1128.0
04894d14.jpg,848.0,1340.0,1106.0,1324.0,730.0,1300.0,886.0,1266.0,1050.0,1250.0,1214.0,1258.0,900.0,1524.0,976.0,1476.0,1064.0,1516.0,894.0,1674.0,990.0,1612.0,1096.0,1656.0,998.0,1714.0
04899d73.jpg,934.0,730.0,1214.0,710.0,810.0,710.0,1000.0,664.0,1130.0,660.0,1334.0,686.0,994.0,878.0,1080.0,876.0,1166.0,868.0,968.0,1012.0,1084.0,968.0,1212.0,994.0,1094.0,1076.0
04901d33.jpg,856.0,712.0,1116.0,716.0,746.0,668.0,926.0,644.0,1054.0,642.0,1212.0,666.0,920.0,890.0,1004.0,862.0,1080.0,888.0,876.0,1006.0,1000.0,986.0,1112.0,998.0,1006.0,1088.0
04901d69.jpg,730.0,794.0,982.0,788.0,638.0,734.0,788.0,720.0,932.0,720.0,1074.0,722.0,796.0,964.0,886.0,934.0,952.0,956.0,770.0,1076.0,886.0,1058.0,988.0,1066.0,888.0,1152.0
04903d19.jpg,922.0,928.0,1178.0,930.0,790.0,900.0,1002.0,900.0,1112.0,902.0,1302.0,920.0,966.0,1124.0,1058.0,1114.0,1130.0,1122.0,912.0,1212.0,1042.0,1220.0,1170.0,1222.0,1042.0,1316.0
04904d31.jpg,810.0,956.0,1086.0,954.0,692.0,920.0,882.0,916.0,1018.0,916.0,1212.0,918.0,858.0,1102.0,970.0,1082.0,1052.0,1106.0,848.0,1240.0,954.0,1192.0,1084.0,1232.0,966.0,1290.0
04907d07.jpg,826.0,1004.0,1082.0,980.0,720.0,970.0,880.0,954.0,1030.0,936.0,1180.0,926.0,904.0,1152.0,976.0,1134.0,1054.0,1138.0,866.0,1266.0,982.0,1222.0,1108.0,1246.0,990.0,1328.0
04907d67.jpg,878.0,796.0,1132.0,776.0,768.0,756.0,932.0,760.0,1080.0,742.0,1228.0,720.0,950.0,956.0,1024.0,944.0,1088.0,944.0,910.0,1052.0,1026.0,1026.0,1144.0,1036.0,1032.0,1126.0
04910d60.jpg,944.0,1436.0,1188.0,1408.0,854.0,1398.0,998.0,1374.0,1122.0,1358.0,1266.0,1350.0,1020.0,1576.0,1086.0,1558.0,1150.0,1564.0,976.0,1696.0,1090.0,1650.0,1196.0,1676.0,1104.0,1772.0
04911d32.jpg,936.0,866.0,1182.0,862.0,846.0,826.0,996.0,820.0,1122.0,826.0,1278.0,832.0,988.0,1008.0,1062.0,992.0,1130.0,1004.0,936.0,1108.0,1056.0,1086.0,1180.0,1106.0,1058.0,1174.0
04914d00.jpg,802.0,986.0,1038.0,980.0,684.0,976.0,862.0,934.0,982.0,926.0,1148.0,958.0,836.0,1158.0,910.0,1126.0,996.0,1156.0,816.0,1288.0,906.0,1258.0,1016.0,1286.0,914.0,1324.0
04915d13.jpg,840.0,560.0,1096.0,558.0,730.0,524.0,924.0,512.0,1026.0,506.0,1224.0,514.0,890.0,730.0,984.0,722.0,1058.0,742.0,848.0,858.0,974.0,828.0,1090.0,858.0,974.0,924.0
04915d27.jpg,906.0,600.0,1166.0,602.0,774.0,574.0,990.0,554.0,1088.0,548.0,1286.0,550.0,950.0,768.0,1040.0,756.0,1124.0,780.0,904.0,898.0,1030.0,868.0,1174.0,904.0,1028.0,970.0
04915d44.jpg,868.0,732.0,1130.0,730.0,746.0,706.0,948.0,698.0,1050.0,694.0,1250.0,688.0,922.0,918.0,1012.0,908.0,1090.0,928.0,884.0,1052.0,1000.0,1030.0,1118.0,1062.0,1000.0,1108.0
04916d42.jpg,818.0,962.0,1072.0,974.0,708.0,928.0,882.0,944.0,1004.0,952.0,1190.0,952.0,870.0,1122.0,950.0,1092.0,1028.0,1132.0,836.0,1262.0,938.0,1244.0,1034.0,1274.0,938.0,1308.0
04918d09.jpg,868.0,972.0,1136.0,948.0,764.0,944.0,922.0,914.0,1072.0,896.0,1244.0,906.0,926.0,1110.0,1008.0,1086.0,1098.0,1092.0,894.0,1232.0,1018.0,1196.0,1156.0,1210.0,1034.0,1302.0
04920d03.jpg,874.0,612.0,1102.0,596.0,780.0,554.0,912.0,550.0,1038.0,544.0,1188.0,544.0,912.0,756.0,976.0,744.0,1050.0,744.0,888.0,842.0,976.0,824.0,1100.0,826.0,992.0,898.0
04922d09.jpg,652.0,662.0,942.0,672.0,534.0,652.0,728.0,620.0,852.0,620.0,1064.0,668.0,708.0,808.0,792.0,784.0,880.0,816.0,666.0,920.0,798.0,894.0,928.0,924.0,794.0,974.0
04922d53.jpg,714.0,794.0,1022.0,806.0,586.0,776.0,792.0,756.0,932.0,762.0,1146.0,806.0,778.0,956.0,866.0,936.0,950.0,968.0,720.0,1072.0,862.0,1052.0,1010.0,1068.0,864.0,1136.0
04922d57.jpg,874.0,842.0,1174.0,860.0,754.0,824.0,952.0,802.0,1098.0,808.0,1304.0,860.0,936.0,996.0,1030.0,980.0,1112.0,1010.0,882.0,1108.0,1014.0,1086.0,1160.0,1112.0,1014.0,1176.0
04923d21.jpg,706.0,1036.0,948.0,1010.0,614.0,1020.0,766.0,984.0,864.0,966.0,1030.0,966.0,772.0,1172.0,832.0,1142.0,908.0,1162.0,748.0,1290.0,850.0,1262.0,966.0,1272.0,866.0,1336.0
04925d06.jpg,714.0,744.0,970.0,734.0,610.0,702.0,788.0,706.0,908.0,698.0,1076.0,696.0,780.0,900.0,848.0,872.0,918.0,890.0,748.0,1022.0,852.0,970.0,956.0,1008.0,858.0,1068.0
04929d20.jpg,674.0,854.0,918.0,838.0,562.0,806.0,754.0,778.0,854.0,776.0,1012.0,790.0,738.0,1008.0,818.0,984.0,882.0,1002.0,704.0,1136.0,820.0,1114.0,920.0,1118.0,826.0,1166.0
04933d29.jpg,782.0,770.0,1020.0,762.0,696.0,742.0,846.0,730.0,964.0,718.0,1124.0,744.0,838.0,902.0,908.0,880.0,976.0,894.0,800.0,1010.0,908.0,990.0,1032.0,1002.0,920.0,1078.0
04936d34.jpg,812.0,930.0,1080.0,902.0,714.0,864.0,874.0,864.0,1012.0,842.0,1178.0,836.0,876.0,1114.0,958.0,1066.0,1046.0,1096.0,884.0,1246.0,974.0,1196.0,1080.0,1232.0,984.0,1280.0
04936d80.jpg,832.0,698.0,1098.0,680.0,728.0,638.0,886.0,644.0,1030.0,618.0,1194.0,610.0,882.0,892.0,968.0,862.0,1056.0,872.0,890.0,1020.0,978.0,978.0,1082.0,1006.0,986.0,1058.0
