8.56223841741,3.00097957266,-5.94620372123,0.870894363149,-6.63476643166,4.80348282627,7.407441858,3.0982456409
7.41964368617,7.27385804147,0.282212442603,-2.49736439956,-4.59051650827,-0.322411760018,3.3013408132,-0.265832607455
-6.00430819351,8.52482190149,-4.01385379716,-0.818618927671,8.63753341781,-5.01907825963,1.98836330691,2.55189434387
-5.11666641588,-7.75703079375,-2.30323533039,1.93304369718,-0.693393541293,2.07584490598,0.0814908532221,-0.419334334696
-6.95728927441,4.02197630326,-0.68181238096,6.73935744598,-7.45047525944,5.92860474727,1.53274313765,2.08623807764
0.473374035926,-1.66710342261,4.84748438438,-2.93191644372,6.61969624158,-3.13180187886,-6.24095784174,-3.75517699173
-2.10155936375,-4.20893182015,-0.10089086492,-4.61345001997,-1.1445840071,3.37418489196,13.399171456,6.59932788725
0.282038175892,-14.8145509194,-5.82951952161,-3.89668412401,2.64444429675,2.28722481769,7.39980174794,0.55520434333
0.0689606086025,-1.03087426982,8.27282393425,-1.37443665759,6.01433590819,-1.12845815256,-4.67086772952,-0.775287076027
-1.10843572271,-5.81417066639,-7.54304407351,-3.84185707956,-5.59977144588,0.675316292686,14.2152053406,6.11216610683
-0.687700899281,-1.77407767462,1.18948037839,6.0129969256,-2.63307656072,7.31472476416,-1.74647302641,3.15773134616
3.04680767584,-9.41768315978,0.654662190242,0.327089701503,8.01074494189,3.2494867613,-8.96796279231,-11.5097899028
7.18706630754,-5.29602848134,1.44885474905,-2.57442003666,2.940782564,0.0544202724382,-6.62281861257,-8.30825719113
1.17149711938,2.77942747496,6.73138304995,0.754090603551,-7.59998308331,1.90896770067,-3.58815561228,5.64364045984
5.13285800092,-1.81953319455,0.775231498502,-3.16327927388,2.28638732555,-1.51593492057,-1.93912406172,-4.11304741189
0.980330029072,-0.597562679199,1.4368314566,5.01351875005,2.64414131506,9.19993661246,0.658838263775,-0.546417942934
-2.68289621378,0.724347434684,3.05559598712,-1.05011550618,4.9033558734,2.86284975546,3.8954114554,7.35242781393
-1.31132618915,-7.15985387542,6.22798625673,-0.203612341329,6.29404080453,-0.681789737755,-5.06543561463,-2.60545730969
14.5527160066,-0.112471869197,-4.02172029522,0.158831102914,-7.74210588952,-3.52609037656,-7.15808134469,-13.5081779203
9.85728626309,-6.7174104069,3.93685582401,-5.24649826079,-0.919941730783,1.57881597169,-0.989119607548,0.530638360379
5.79817903366,0.581362731479,3.96486343624,-2.595799269,-6.91478798503,-4.42161954686,-4.14376627601,2.374363383
-14.4730296768,-2.37152785512,6.05311468434,-3.50522921775,8.71879029308,-5.15234729206,-0.203608743628,2.26542881715
-3.01587634145,1.56036496463,-0.780622285602,-2.88302503087,0.0250485761365,-4.06304004147,0.819358403342,2.13155821931
-5.08377718349,3.11322016357,1.30211942079,3.19123919554,-6.94095981673,5.11728805738,6.41016165338,5.59206318657
4.43501676277,-3.24067017722,-3.11532834406,0.345173562272,-0.314389232907,3.88606187245,2.72240012396,3.95238529787
1.89016592537,0.00380601436906,-6.1196321021,-7.37405023212,-0.776980734574,-6.48971117805,3.61752602737,-1.27243151817
-5.09613844069,-6.09936467455,-4.00603738682,1.47194829517,6.97231386254,2.05316193466,-4.36270657528,-4.25573249848
0.821190172181,4.77411433903,4.08902391561,-2.36084026743,-0.978501634814,3.12554284043,4.27331167356,7.90580791225
1.30147134824,3.26089378372,-6.95945824541,-5.27884260529,4.12850309548,-7.45118201378,4.97203815987,-0.649266291685
1.57976901775,-2.44223197652,4.06038318517,-3.31788405243,1.4472956467,-0.462388326944,-4.46961132422,5.83651751089
-5.3453402327,-2.32987554767,2.11916954697,2.50392740068,4.56235123793,-0.390982315467,-7.71911261423,-0.378661697533
-1.27614285046,-6.27459633601,2.85495434593,5.09752776902,2.26667769156,7.6597710771,-1.708813109,-0.602539523103
5.58683000264,8.33331922489,-1.11733726379,-3.24744620556,-2.1570682945,-4.39853547574,5.41825368776,-0.918719076795
-9.65286528024,-1.3088464057,3.46846116927,-0.749710179112,8.34006090742,0.531249070485,4.06924878539,7.33763517053
-14.0084191612,-0.162796176169,-6.0941635335,4.96382318192,-0.631909354435,5.66449448881,3.41911734269,4.24478598774
15.4254059219,-14.0336073429,0.615681316262,-6.44236778624,1.24464604548,-0.27851708262,-2.68582300725,-6.22386060097
-5.08739137895,7.32286515221,4.14736175628,-0.428202448973,5.40246775639,-7.51114064217,-5.62068397396,-6.61978257336
-4.87530782567,-3.78466506218,-4.16662015886,-2.25744563959,0.730714373368,4.7863443317,12.6607987588,5.69936184091
9.94790588048,0.333656134295,-11.1518661941,-1.94950285717,-3.74944813196,-3.00911763342,4.70242448601,-10.2411112572
-6.92856026873,-2.46298391707,0.200119485979,-2.44499257301,4.53301554152,-2.61370107002,1.94445291076,2.37806275173
-6.90336047889,3.26197533151,-3.15554377464,3.84140942155,5.69695305946,1.93705706683,-2.39457711697,3.73646345023
-3.10247909213,-0.295568319417,4.63731023562,-3.40209821556,7.11379070105,2.39377166642,8.52074308272,6.47825895055
-8.31706288611,0.0170339961682,5.28617978577,2.89785704822,4.74780795446,3.32678384647,0.745999520963,11.4939852401
5.02415966666,-8.25324873564,4.63122719747,2.36952321221,-2.27504920044,0.430507716029,-5.47720098014,-4.16327921239
-7.57210455271,-0.374048551494,2.16571754386,-0.87145337256,1.74678452694,-2.32846872447,4.16430061473,5.73320052252
-0.702065536166,-6.04917245978,-5.36383522195,-4.68077278794,-0.988734662154,-6.6202521029,6.47443287023,-0.74048975413
-0.348454031622,1.28043777693,-4.22569918259,2.11358197183,-2.84116503415,0.426225460341,-3.23514941418,2.07819393299
0.799595170596,-2.98918393459,-3.89161117495,-1.07301366116,-2.21013139314,4.37902358008,9.0673656055,5.08430898826
-5.25611899012,10.5088549849,3.05773834508,3.97880345779,-2.23853322444,3.23602915084,0.493375551569,3.42585309297
8.03594312878,2.13480393571,-0.779364390013,-4.24585437163,0.469898218093,-7.26274563593,-8.95451430809,-5.76912763602
1.58161873827,0.884046910604,2.02703732157,0.796144358811,-2.39689297171,6.16666078752,0.969768309741,1.69589640051
-0.226962672754,-2.1539417199,-5.03830930142,-0.0660393419509,-9.02474688645,5.09063319807,14.2003597723,5.74681189579
-1.17782723845,-5.74911019137,-3.01069159279,1.45331625385,3.45908700277,0.659225352964,-2.77701396626,-2.55376845558
8.53348569822,-2.2673101391,-4.63410740984,-4.37374466868,7.30399428646,-3.84704641641,-1.31479495086,-13.2422276249
-5.26067853057,-4.59701645646,2.105227186,3.74126146789,2.47303015524,1.22427441144,-5.68602609558,-2.82192669348
10.3108297532,-3.81758588166,-9.18923879015,-1.03285287577,-7.59886874254,-0.198294677977,5.91482752677,-0.672234664071
-7.04192820659,4.21445568422,-2.51694435086,3.2052505519,-5.79749031773,1.52559511415,3.63872048531,5.02793318106
-3.31203202643,-6.70070083025,-9.9129886443,-1.48059056595,-3.80532402788,0.94379270778,11.2275333201,0.361970260163
1.06459637197,-1.71235599452,-6.81196348936,3.54281103284,-9.30622192439,6.76447316764,4.5747820888,2.90165201692
-11.1069582794,-8.76558961143,0.185113456977,2.45802995515,4.25140997152,2.21425159761,6.26009350944,1.87495152224
-6.04549487933,-0.213136058031,0.457301975875,0.659976856989,15.0524423164,0.305100866938,-2.43868803252,2.86023522327
-5.90827387239,6.06625065451,3.2760272241,6.3422945236,-8.1575877975,1.84511313359,-1.86862506895,3.06600180948
11.9499410391,4.6213513218,-10.1043618,-5.43249168516,-4.5452771602,-2.85825015297,3.46785521817,-6.19107203343
-4.09501769083,-6.33312139916,-11.7868222575,-5.58475375214,2.17045037484,-2.07904984085,13.5191343462,-3.21842978207
9.96747329836,-2.68054745959,4.02725351857,-4.3925490784,-5.5294312988,0.0455163052977,-0.394564187419,2.62732897558
14.3766885887,-10.3514367077,1.20890570669,-2.64622407801,0.397361697852,-1.82682724241,-13.139174185,-12.8548359495
-3.2030486833,6.61560269779,-2.00308747891,-2.64726030175,3.40279134248,-1.93467149941,4.42012499289,4.73925947352
4.7200994961,4.96681452673,1.01793188563,1.46497747379,-8.36202746628,1.57971218948,0.0570125823788,-2.3283584741
-1.73700399559,-8.65792988361,-3.20889573905,-4.63834051214,2.24787623987,4.57909122186,13.9572141594,15.8469528215
5.63890426261,-3.455286193,5.78294301612,-0.0158606443217,3.66695131736,-1.1267600748,-9.12095203409,0.50602552296
0.722360508246,-11.0032918856,4.59382710086,1.59059406089,-0.24071976535,3.40019802082,-3.94840269127,-3.60377191709
-4.22951058222,-0.612675589179,6.88151068303,-1.51817954082,1.6333761146,0.306087800285,-3.09841113105,3.12597108462
-6.4724545193,-1.25478103759,-3.19693063512,-2.34070996667,0.283393939338,-3.37493944159,3.07247896221,1.82705848715
-13.9623400169,0.982610790999,1.59229355753,4.93406821071,12.6725750225,-0.62713817453,-7.65929554032,1.31761587865
9.30295300416,5.02026822185,-6.40164981739,-10.7436739056,-4.41724092342,-6.19079151285,10.404830236,3.4593461643
3.78808957029,7.67199589479,6.77962855369,0.395662225098,-2.77732934764,-1.74806749277,-6.79088726548,-1.184730173
0.736631430278,-0.322002330089,10.7607980731,-1.49354323163,3.08473422556,1.3355509656,-5.15180314966,-1.66232623185
-0.699548656272,2.68520897089,5.15743670753,-3.9948744804,-0.737147286109,-6.05930056566,-0.19924238118,1.52229071397
-8.50662184347,-2.71143271694,-2.20614093861,6.66641495144,6.23293258178,2.36235498271,-4.9707210151,-0.993243174746
-6.33536867016,-6.17087385926,0.779281762237,2.13208498245,-2.72464951067,1.29686896677,-1.3152729854,1.44127294003
1.62076045769,-1.55815321086,-2.01017213009,2.51399087806,5.06988769969,1.55398960187,0.306674024726,-3.86745481162
-6.18248143346,10.0437675402,-2.22437715615,3.07693168021,-8.69045613793,-2.67652437355,3.80118423993,3.77957851268
3.83070307789,-0.493684316818,1.21099568471,-3.53876869378,2.25118065652,-0.745128414886,2.05830789615,2.30403666306
-1.53392346119,4.84040867844,-1.11608806139,-1.1498252475,4.22498558756,-7.87344895717,-6.92385614589,-7.52077451174
10.5547694857,4.02468922647,-0.816829163194,7.79550294198,-4.0179920507,5.9913335831,-13.7622601243,-14.2234175972
1.62028456699,-0.583638083448,-6.28205402141,-0.879903805427,-3.94541168555,-1.20242253339,3.52835753945,3.56736899302
2.83124333085,10.1668021832,3.12909414511,0.0594557816927,-4.2523400854,-5.35910021881,-0.218701653687,1.433893642
2.15995741304,-0.704522279654,-5.07730286712,-1.64076587577,1.12501893477,-2.17260038821,-0.159813132717,-2.74425207613
4.30363515125,-4.38973171699,3.88682527317,0.33732443536,-0.573211702629,3.83582000659,-6.17459129486,1.91965244602
4.85581770316,0.668962270982,4.84487079668,3.74256358508,-4.19444029572,4.18126875499,-9.42769254258,-3.27418860556
-3.04396215139,1.22015264863,7.54051519144,8.64328366467,-4.15301353779,7.56468663472,-4.07393754104,1.54027544057
6.46397400661,-1.4888239196,2.80295296043,-4.65970731617,-2.72997695077,-2.46861287639,-0.484705383346,-2.33609408317
9.49385316822,-3.5280632741,-3.10272634,-5.49892127967,0.815474318902,0.215898192567,1.29675865345,-3.30386379154
-4.69332787905,13.6658270742,-3.8735101244,0.698331073713,2.56016204714,-5.28557868781,2.38689600731,-1.12844298647
9.06513220224,-5.08824195727,-6.11124876154,-1.71948648959,-1.16835238911,0.810497782294,1.04961411578,-3.53713084722
-1.19864319786,-1.55797870124,5.50545807184,1.28204970836,5.74809053305,3.63896758127,-0.142252704005,7.01961547098
-9.22161970507,13.4028754613,-4.3077861959,4.20498890787,1.62985114458,-2.78684102365,-4.40214082231,-1.63067863639
1.67629679129,-3.77325044376,-4.5542884997,2.5641878442,-6.42050214112,3.87654941935,2.07616636888,-1.51456528565
2.02580996402,-9.53658868126,7.87223876586,0.86612488347,10.0156885617,-1.25406419486,-10.1920686528,-7.45009252532
3.06358345351,1.72244856656,-4.84674475767,-3.74676167987,-5.94149410652,-0.368889014928,7.36580915427,-1.75301102339
-1.30696214374,-4.88367234657,4.28876854615,6.21222622563,-1.97342418485,7.06782712706,-4.79637656929,-1.25719069979
-1.01986388688,-1.42254242632,5.01336407788,0.0410755440082,2.88985020393,4.69033955945,1.62196049838,5.77729009052
9.77072683276,-17.8185219457,3.52893223967,0.775024781556,1.15548898191,7.08360666098,-5.84268136664,-0.108481085944
-13.0003664207,12.2319168718,3.15262626177,2.50805027135,5.05588689139,-5.17861438968,-4.88334326806,8.23566377706
1.61087241272,-0.540807638835,-0.861426749649,-0.0406000678499,0.850386227815,-2.22623678376,-8.64258125265,-5.62513355296
4.84074065333,5.17982014843,0.137628466872,-4.27796836611,1.32202117624,-4.70924457054,0.983568941078,-2.66395099271
2.09460790408,10.1050690453,8.94346066092,4.43503296495,-4.37496578429,0.58482974731,-11.0278671957,-1.58647198907
5.32192927016,-1.94792014178,-2.30020176675,-1.84801861539,-3.58286109665,1.53179871794,-3.22772074452,-6.32168790729
-4.81253389762,1.17198064185,4.73997205061,0.416294175463,1.4390668479,-2.34445577019,-6.26698654081,-5.55907468976
-6.48353324015,-0.346514767348,-0.082613196672,-1.06892881259,1.77785317487,-3.59590565579,7.38694182919,0.284050236779
6.43633445732,3.37917797951,-2.92899121,-3.74356713674,-7.10758037294,-6.7653282059,0.603078567559,-6.33864126071
-2.30228135355,-6.97833323212,-4.56869792778,-0.0785179595399,-0.390788359228,2.97684064515,6.51243675247,1.87026402944
-2.20120870431,-1.07267137524,-5.52020105059,-5.42715428169,-3.99205942193,-3.92040213607,7.91917318771,-1.08247783764
8.75401942721,5.0381012395,-5.40568569023,-2.74128002331,-3.38191681079,-5.41408811048,-1.90091447629,-6.41619960911
-14.5851778138,4.27006572616,9.05202590142,4.55659086408,-8.49266899739,4.01941040682,4.03846640137,13.5785065345
5.81783102537,-4.13008795761,-10.2929627686,-9.83127765172,1.19369341109,-9.55003391227,3.21280935243,-3.77154526051
-1.50538607926,-12.1037351741,-2.32234714328,-1.89995064521,0.667339679361,2.46180467696,4.37348987637,-0.542894672633
-3.48550840884,1.01286095403,2.61333280023,-0.705728868562,6.45639652755,-4.50869497734,-1.73761350611,-2.42711623901
-7.37860005645,-2.86206985119,0.912001910048,-3.87514589018,2.54837324444,-4.13524622165,6.34305157623,7.16171266118
11.429893394,-6.72576329185,0.0484716536901,2.13759704422,-5.92457117828,1.76738924685,-7.77496760849,-2.860756871
-8.28550412968,4.73318501139,7.08319418965,5.13512009995,2.66913351391,2.15197476762,-9.29480182241,2.89022863431
-7.14255448864,-7.16042133555,4.82147590166,3.43863475729,-0.722259292769,2.47084663115,-3.27126869823,-3.98515348627
-1.4800456086,12.9559894261,3.85381079025,0.105381294154,-1.58442069388,-3.92592480468,-2.58213213843,0.388086233624
2.66127361528,3.88486035386,-2.32502254452,2.71891589607,-0.491879262401,1.12472733633,-0.783596951781,0.89817634986
-7.65115058603,15.5867989952,-1.55146884753,5.12731396426,-9.96367857665,1.6492152644,6.73343132284,4.62923642911
-3.10998782987,-1.44200860623,-3.01469156243,5.2763230252,-2.36129706906,6.07700194409,2.28144706179,0.849428319298
1.72015359781,-3.28609715873,-8.36186963025,3.47825677853,-11.8378156279,1.61740469351,2.34500436526,-5.74821807298
-0.583629747737,-2.16303312986,1.93932440751,-0.846487911091,-0.398317975606,-0.352504660038,-1.30026321183,5.72710385371
1.03093884224,5.31273300005,-0.44763391558,-3.02639348055,-2.02321313555,-2.03108689384,3.49801003942,7.22904324484
-1.60450503401,-0.045776636688,6.05031870181,-1.50324162639,5.77640825849,-4.09334055957,-1.86686086836,-2.81400638126
-7.43075565833,-0.384011468157,-1.94247721598,3.19042924643,-0.460710201457,2.59123735615,2.6388738665,3.15221174947
4.22182941864,1.20465956678,1.98293656095,-2.7522490476,5.0535074124,-0.95589539818,-1.89940353872,-5.7047649923
4.75717575986,-0.0112281732599,-4.31774384604,0.515873763938,3.27912807079,-1.03216079014,-5.54947973509,-9.41905378407
-12.8142469406,6.98781471748,2.89665375273,12.2573643465,-5.3238878898,5.96821396011,-1.56946855746,5.60370380907
2.00580164871,6.88427755268,4.43333686418,-2.66305072731,-3.09051100909,1.05889676849,2.16001112944,2.46485464061
1.06299324876,3.06324414184,-6.68343938847,0.0246813617929,-12.0890918822,-2.74543754264,5.20931295264,-4.19859548537
2.42915926064,8.61065249441,3.77866661331,0.7389829444,0.927761926941,0.741054006079,-6.14222940537,0.515718188084
2.95007611832,-5.36652790497,-7.21236967444,-2.09375229192,1.76506917983,2.71694055496,5.91225457018,1.80443520019
2.74690665553,-5.94913267983,-2.04588764357,4.09708073282,1.14917472284,4.79839715655,-1.81653822111,-0.794972447626
-4.12928744957,4.06308182212,-2.87664178005,1.59487663077,-2.81857757467,-2.82073850938,-2.92079818956,6.92639611123
-8.56043260038,-0.661085624033,0.444081216041,1.52213294898,5.69025216352,-4.64081414052,-3.73670891218,-1.04559931059
-2.64005490926,-0.6183568154,11.2810621865,3.4649089746,5.24804584443,7.03493294076,-3.98351693888,7.62950944521
5.68320149809,-9.94959537606,-1.78431780959,-5.39212652984,3.6617631683,-0.498118356564,4.92741426266,1.23249386649
7.18334847565,-8.14630834575,-4.03150492624,-3.17921953631,0.125589870106,-0.0550176909356,-0.302466332454,-7.07218083515
5.04535425324,7.6077735373,4.32833461948,-0.187495184328,0.87029316012,-6.46740460545,-10.7598335274,-4.29057140743
1.01687503716,-10.9027150337,-1.06223652224,2.50468572923,6.17034161297,5.36577633753,-7.61606561366,-6.41266642749
-5.11139000027,-5.14512586232,-3.26944241031,3.3956762664,10.1150636632,6.67365204108,4.3094155469,6.29046908476
-6.14332712406,14.4540310239,1.82338931653,6.22339974432,-4.71326671747,-1.23595558209,-7.05503981803,0.318423317072
6.64898252653,-7.92798771778,-6.32062236132,-5.2524464126,-2.31380226012,-2.23268082088,4.7673097828,-1.0071342942
-3.87552506313,-0.475620634707,-14.8622281734,3.62795419291,-7.74302466578,4.20921250953,8.10725902626,1.90577790517
-5.42287665663,-0.815586239757,4.83187311059,7.84125962041,-10.8648886964,8.56668838132,-0.894407435484,4.93946005879
8.97463747737,-13.728394524,-0.973545858878,-4.57397298853,6.86879060967,1.05394531296,-2.9572453338,-8.22527625705
0.027812695305,-8.01955257017,8.15794137732,-0.224861504691,11.4699664148,-0.747143316344,-9.84099026912,-4.00171610807
1.95035520234,7.01079258539,8.39678297769,8.73674903035,-12.6738031774,8.90296062835,-3.23546830027,5.73853925818
6.62663780159,4.90374367092,-2.2678125723,2.37734092155,-6.79993686739,2.56521262609,-1.48399439798,-0.591394080583
-0.0815020834131,-0.252060119255,1.75630589452,-0.298694874548,-3.30076888545,-0.126019836359,3.785549639,1.03278245353
9.64312462041,2.50078414407,9.03884100551,-4.9515470702,3.05176942658,-2.38772074262,-3.28664473687,-3.35511994198
2.46204434591,-5.90487220749,-5.9995470762,-7.65021169247,3.12853146895,-5.98592420373,5.24155847967,-6.90599429369
-1.50998845528,3.33887074998,-1.81968380768,-3.94063564116,1.07671139657,-4.64229103489,4.82256024899,2.17320327381
11.8555747502,-4.89711023427,1.96522378569,1.8885359796,-4.29661946189,6.07793919619,-7.17949559364,-8.04728944373
2.58981574433,-0.058422011757,9.00937455645,-5.68942881878,0.292062519682,-5.75491783147,-3.69810820498,-0.796764567705
0.363181308146,1.49321541682,-7.71626133917,2.04368051917,-2.53886802535,0.0194996749596,2.53712265919,-0.437841930499
3.08567203329,4.88019629521,-3.64743142904,-0.481802764424,-2.18281623381,3.04116706567,6.77954274902,3.32453941702
-1.46726931754,-8.260981489,1.5926425387,2.99191554569,0.66868344693,1.2550071834,-2.0656931801,-3.14386560409
-8.98288494447,-2.1848861383,2.55184194552,1.98791959338,-1.54987538482,2.54175583382,5.04795016831,4.32610665485
6.49429339089,-5.20392641866,-5.81696930451,-1.81414209456,-4.17812960152,-4.49609492064,-4.92436568037,-10.2837464034
-0.450633336109,-5.90518873144,-10.3321825462,-1.1513024489,-4.23267822543,0.623473821106,8.00903151754,-4.43083108667
-1.20216468742,-0.706168090757,6.48136063508,2.7060993166,-10.0673444838,3.16541967717,-2.60323826823,5.02842085092
4.53839933519,-5.65357515149,-0.222986529817,-4.60270998256,1.04582514579,-1.50815529891,1.94272656897,-0.62497312276
10.833823871,2.86549472198,1.96958980835,-3.61770358681,-3.53353164914,-0.281966096363,-3.93240689105,1.3317746328
0.654666939221,5.50082227769,-3.92221848284,-4.34668358203,0.264370937401,-4.55893668415,3.44263581556,5.98087965859
5.96269980774,-7.89691285392,4.89767424329,0.23807023335,-2.84082521245,1.90730184684,-3.98560296971,-2.26998818015
3.11757209043,-3.02730422961,-11.5175943543,0.885772342438,2.70066254846,0.811645844003,2.76082090144,-4.56372251359
4.32608507038,3.66232850466,-0.90629542556,-1.60495434046,2.01963286379,-1.28356611583,-6.84981735662,-8.08414058611
6.47691612348,0.0524510751536,-0.931034580804,-3.96381028782,-6.70341722438,-0.416212788518,0.412350777991,3.93019658859
2.50469960207,-8.53683922222,-8.84959122443,-3.19876811976,8.68378543134,-1.66474386234,4.97845561381,-0.873393160017
3.94675626897,-3.08935803439,1.62841897673,-0.165620492271,-1.08397738204,-2.2301848448,-6.57667299184,-8.10591274284
-0.715457269432,6.78569584889,-3.75262438711,-1.71114840351,-1.03026642707,-2.88456540062,1.81291880061,4.39027451348
2.92186814505,-3.16708102189,3.72123890604,1.17171757291,3.06142634498,6.23059673182,1.87867680358,2.44177140881
-0.726229933718,0.217520751054,5.88888394834,1.73966857329,0.521369836557,4.73079310476,-1.16762655502,6.75795645064
-8.2287446602,7.92996326092,2.0077311109,1.3075954241,1.87615669259,-2.34288068578,-1.49405946297,2.45911037824
-2.34988409662,-6.32859619768,0.477990755392,-1.56651537886,0.9905727767,4.08282183429,5.6809170021,1.71992491613
-2.09588694946,-2.76988479593,3.24360036697,-3.61110267304,-2.98255919319,-1.02149141229,3.25272667489,2.83963563924
3.80213343716,1.60332256051,-0.194832546853,-0.241756725948,0.513507763627,0.505534531608,-7.31997506915,-4.32521446568
1.61665729309,2.74002597554,2.77518977554,-0.638350576934,-4.29929997959,-4.87731685274,-5.85186881406,-7.62040097715
-0.866766773221,-3.90428537142,0.0565337415834,3.37799775387,-5.231328291,5.43969751308,0.637596734698,2.03003739957
-2.52916141707,-8.75271276194,2.28881416611,0.659289145194,6.92942793373,4.53806807228,4.14028966875,2.85498357407
-9.42931216355,3.51518408063,-5.82703908735,0.842882925599,-0.729738369897,-3.20831130712,5.70704029735,4.36592290244
0.703124391795,-1.17141798538,3.19067109666,-1.49981537001,-2.76234135974,-2.93985403418,-8.07151469368,-4.35771273023
9.08460914895,-0.958624961794,-3.99791573773,-0.958701067367,-2.41474740401,0.682267730506,0.725542688756,-6.25907735319
-6.90400466115,3.23991135569,4.59312026715,4.07151606959,-0.800668424165,1.63667349606,-0.637148955211,7.14276805322
1.9399809585,5.78039971112,9.97030708929,0.95843887846,-3.61442503739,-2.86016629978,-14.262792767,2.28089872208
-0.877247124518,-6.52063746317,-5.68633255298,-2.03533139289,-3.09630776616,2.76034881689,8.73196239517,3.78338688997
-1.50161486821,3.28821465939,3.35002467947,2.93350806565,-1.1600906707,-1.71655251388,-7.67797419599,-0.348357554859
-11.1621739936,1.93186303271,2.31041269668,5.89060232316,1.38002161872,-0.241368841372,-4.00788692576,-3.22663995432
1.80112768095,2.12913886807,4.20224084299,1.07850741303,-7.42844578719,-2.41904220749,-4.99435170642,-1.54965002098
8.02297428042,9.53096343095,6.67972715196,-1.35473591187,-9.61837872151,-1.62713858192,0.159754719617,7.26718638402
-5.31500650232,-6.65959176852,1.57721343031,7.56582636311,-3.5562170023,12.857377596,-4.7626077818,-0.61297368878
-3.43025800003,6.61932643554,8.79529142426,4.51069665981,-1.04832024778,-0.209663798036,-7.55356740763,-1.73567525365
0.646397407926,7.6643535635,-4.78690744902,2.64764573726,-2.21825628645,-0.315502643527,4.88063288687,0.394741421004
0.049780015862,9.27718884145,5.1093924672,2.46503932433,-0.561514080146,2.03271991827,0.129927711386,8.23663847004
-1.82207534429,2.20120632016,1.39579521707,2.54785936173,0.404860404889,-3.00601823729,-5.27783054939,-2.29855987379
3.75588789544,-4.37612977179,2.13108841339,-4.26675076574,5.88689388045,-3.42162132242,-4.68465804728,-3.4428450301
12.000560765,0.210357179663,1.99788702955,-0.152647986069,-2.35933446713,0.994375373265,-8.81872392929,-7.69086920781
-3.22087195956,1.75708539337,9.8870830235,0.0572243667086,-4.61814563303,2.77441582694,-1.4394132366,10.1424884889
7.04236053306,-7.93685000389,-0.784553885031,0.0168468192213,5.26917005739,2.32617562735,-3.83292384527,-0.589208148109
-0.423894743937,-0.334667573272,-4.21854483153,-1.13504587053,5.24621846779,-0.902863526832,9.16347267101,-0.0584650100768
-1.34499713594,-1.09284676953,-5.13889152933,1.42539811659,6.4761137361,-0.44537407522,1.6781168633,-3.73654120105
-2.01537729521,-5.98959204073,-8.47665543562,-3.26676281477,2.77078035816,1.45528010354,12.2745197531,2.86014216411
-5.05572825322,11.8792001901,-2.99577022598,-3.16248175299,-2.91082834648,-5.90727995875,4.38454243053,7.32909074973
-4.20766092307,13.4974308459,6.90410998243,7.21140761319,-8.23978952477,-1.35301719702,-11.9542923562,-0.104585252816
10.2821546317,-2.99199184853,-7.03148249758,-3.12046428052,-1.81085158254,-2.69049005893,-0.913237888609,-3.96751030155
1.16674659551,-2.1298825378,-0.893315348129,-0.855355449033,-0.778841709079,0.933824467122,1.61772314028,2.04091990185
8.84391367182,2.22615369632,-3.3448582064,1.95898290019,3.13763866839,-0.138412171007,-2.9890658695,-8.80919861343
2.8518182611,-0.229551813061,-2.50754097608,1.49221789722,0.895860315017,-0.156574102835,-6.46122313342,-6.43219317928
-2.05007537675,1.5222798631,8.27488288546,0.961645011493,0.701627267155,0.548629234713,-8.92166265415,0.0248218863004
6.57203690303,-2.96037805717,1.31519475211,-1.16822357069,-1.93113490861,-0.221922781031,-4.89095301764,-6.02422214334
-4.44708286895,-1.39391037903,2.24013414894,1.73807064341,-1.56303206433,3.4461549897,5.64224187245,4.01942913621
-6.71074870867,7.95889498663,-0.229658718031,8.9939350165,-3.11583288325,3.15870659565,-3.04379611086,2.13839865636
2.02409658648,5.48996601811,6.92453398611,-2.38462850158,-1.37531178228,-7.4141515695,-8.16349932786,1.03692163308
1.51328050525,-8.68425953409,-5.35182235698,-7.4879762834,1.27821467495,-7.67485862064,-3.418754201,-9.15961986153
-9.87444815741,8.10335697346,-2.54097709071,2.36320398061,-7.5792492923,0.536854789911,9.17162488145,9.95004665337
1.50494136372,1.77714484284,-0.781947757559,1.13850705074,-0.721021004355,1.44676079747,1.10399045494,3.37229022939
-0.537423608351,2.59207446317,3.21851884141,-0.18824046255,-4.14853432939,-0.388928305866,1.55872719931,3.46587277665
-3.62240279643,-0.742979758895,-0.450518131611,-2.53563377357,0.809930721356,-5.53106759682,0.578588818847,-0.619459899467
2.43306738982,1.4679903178,-3.85071504972,-3.08608373625,-4.34078986486,-3.67330685227,2.83267466258,1.16013223767
5.12146910964,2.39891196116,-2.62647382777,-1.54482761289,-3.59422610518,-3.57173850877,-3.25756800527,-5.11017843161
-1.06176904059,3.53738429265,12.034757609,1.27429470443,-1.50796804964,0.408119232146,-3.70447424796,4.50735200263
-10.6244227323,5.61746943044,10.4893287274,7.20931111835,3.62981740808,-0.724461626678,-9.09461237357,2.83297965855
6.13747706024,-0.343860953496,3.15979981609,0.505997746233,4.27699984585,2.7907756231,-1.83588056172,2.30057513998
-4.67792994847,2.93710224251,-1.91621705371,-2.73546279464,-3.1604613107,-1.77487591556,11.2315325536,7.99648527516
4.18713474097,0.371134791151,1.13443530855,-8.07896018318,0.261231109974,-3.14017983188,5.79160094849,-1.32154303628
9.16505521313,-0.0407509721264,-5.79339746424,-5.23639052103,-6.54058945426,-2.39064065607,1.43377468675,-5.78577399485
-0.108330783667,-6.39390571535,-1.85472712071,1.71228734315,-3.2267950442,0.834397895722,-1.17749979968,-2.13523653971
-0.316407317074,0.729345643134,-4.70162433683,2.58114896548,-8.95082531781,-2.75324221466,-6.91822720024,-8.46347268033
-4.65937102317,6.21410029119,9.20259997896,4.11123098139,4.07214873772,0.852963152033,-6.46190085744,2.41004284007
-6.23781725295,16.7235712348,2.6581946733,4.31057623532,-3.38310238817,0.0465997951516,2.03299155524,3.35623572177
7.54371137481,-8.56470640835,-12.0761633296,-9.92454295722,0.672152583001,-4.03918182926,7.51168276204,-4.77988936055
-1.57254665274,-6.3570100774,9.43048282625,0.115583673252,4.50994285555,1.37669510066,-1.66909274358,4.32606090217
-12.3062718278,3.64472253228,-1.82951966172,3.37619960589,4.47129950198,-2.12267816655,4.19630443919,1.5400622663
-4.34110688539,-2.13672550066,-0.734790548013,6.87315683269,3.05304748501,5.80312523818,-6.61173161363,-3.89348552114
-3.09725145779,6.95981521161,2.21014989088,-0.989467271508,-2.93865463896,-6.65382357305,-2.4968439225,0.0377894103549
-2.71522026176,4.32802135743,-3.61553822465,2.02385301312,-8.47566346172,-4.15682007684,1.00274814272,-1.21190811922
1.53647580721,-8.0210785419,14.3922292465,0.401183614872,-1.77380315085,5.22167184745,-7.31305875342,3.24473668963
0.200635778926,-0.255967159978,10.2478401108,3.84176751634,-8.51400919098,5.32227461052,-7.19691953945,-0.236698578817
-4.31434097997,7.95337935765,-7.27271910788,-3.73525777203,-4.49368751374,-6.54085408104,5.52687569833,3.13528712075
-1.61637481192,0.617403556758,0.185339225855,3.64890894827,-8.0979212412,1.04349757517,-3.09900267464,-2.72202455992
-0.539319364758,5.85039382617,-1.13332171999,-2.49864264392,-2.56954486557,-2.22723416161,6.70889256491,6.6372156382
-1.88480865114,5.305232362,-1.29269867057,-3.19950182212,-6.32829447654,-3.10503575673,6.04496460649,6.98651149265
4.91563537722,4.67117653511,0.714523613964,-2.36702725852,0.429142053296,-2.22348450143,-0.840585233329,-1.60683594819
-9.37378683832,1.37343691757,0.980443942008,0.687439458215,-0.367438728781,-3.28445028307,-0.91476042399,0.761558917733
1.11607335023,3.24767622079,-8.19150705832,-2.87181430587,-4.60104317272,-3.5899627585,6.95527336046,0.466699311324
-2.32142813528,1.39811713587,2.76072582328,1.11157787769,-0.567298049223,2.78413334603,1.47069705484,2.99598558649
-3.14714997208,0.284426451573,2.24098005594,-2.70530466402,-2.75998343478,0.129115669546,3.28710605892,-1.28876740697
-11.1332394758,5.79069759138,6.02178140751,2.30330787763,-4.8580597012,0.0266096549705,5.45996028292,7.21804122745
-1.71817704544,8.25407420035,-2.33621029712,1.59756537093,-4.38035220631,-1.85739421474,0.525961585972,0.067678787027
-0.540297861979,3.96657307309,7.9336061301,0.61761647525,1.864037438,2.74687886814,-0.478481099593,5.49283401678
5.0844227729,-6.2320793994,-10.452270413,-6.30548556203,-0.93816410661,-2.36373518278,7.05269758138,-1.03329158605
8.09006142984,-5.81260035995,-2.52670935171,-4.50060364308,3.06127268658,-8.98046845944,-2.02390886839,-9.66719050697
-2.12380497243,3.48661290222,1.4982955646,1.2717505304,8.21565972843,1.95277993387,2.39202776392,4.58992068431
5.96164224318,-1.87019488774,6.67959907645,1.17439273735,3.2311917779,-1.73569756072,-12.3952628468,-5.34990565415
-5.80395878342,-8.59276234312,-1.09446107024,0.351995410526,1.85069243067,3.45264813085,4.63562740998,10.7679429024
11.463304751,-5.55355140423,-11.3142627727,-5.74617434619,-3.12950187922,-3.77266231071,3.82106111341,-8.38058291046
0.595617032356,-0.741487113119,-3.65544160576,-5.27161029174,3.57756694878,-4.64519857339,1.85815281481,0.330423030369
2.72382948738,-0.3838980703,-2.26989847762,3.91670461604,-3.2029552149,10.2063573809,7.06622138562,5.95408628412
-6.89623604179,14.8407091008,8.63752310938,4.92527330357,-6.65299966621,0.692920818863,-2.57606827786,8.47683080566
3.46638677379,6.48330965274,-6.18312608895,-2.32385789243,0.575014217672,-4.53525380352,0.625539941803,-2.71781705955
-1.10124763723,0.621432820443,2.19470908742,2.08153137006,6.64779729047,0.928904469489,-0.751213926652,0.40250509197
1.7161832493,-8.80985754107,-4.18192386246,-2.26080726578,2.25885670113,-1.26895192393,0.576301016271,-5.68337586192
-12.7605971258,2.69524218437,9.30866244528,5.22104303242,-1.17952852074,-2.0149820397,-3.16222379792,0.798316118256
-5.02469872024,-2.65043158564,-4.64473640585,1.03809473768,-5.07370076128,0.88180119638,9.92610816662,1.17626636628
-4.20238866878,-1.91892530003,-0.439512478318,-0.781156224452,-1.69669379078,-2.60990014919,3.62615447112,-0.410350904397
4.8254125253,4.34699693995,1.50115525271,0.426369591729,5.66641873771,-3.16053736085,-6.33718779632,-4.21006834598
-0.443656574919,3.65140398093,-0.290500092511,5.83082013889,-10.6624612241,5.88026778861,-5.01575330447,-4.84174373737
1.89100859218,-4.98964499158,-6.67698071906,-2.55148920856,-0.732391819945,1.33090924911,6.58594605873,0.371581519465
-11.2040154881,-4.07594568924,4.69579640656,12.4542927641,-5.40078922264,11.6662397876,-2.74719228151,6.91497620403
-0.723786192626,4.30876014278,2.35444931519,-1.8204124604,0.216448952973,-1.21042896026,0.913199436281,5.61523406788
2.46652467341,-5.73908514558,0.605832313454,1.7487954832,-3.56056621602,2.43434924965,-1.05427688497,-1.54411573194
-1.24402409626,7.5475137443,7.20476585933,4.78107525087,-6.85452720983,0.968098203695,-6.99195581713,-1.79198740365
2.52371508997,-4.64364832626,-4.35740743316,-6.07987694823,3.99284653783,-4.17848405726,4.94824263139,0.0417996619631
-0.387526110824,0.159010742197,2.42010207606,-2.16673092233,6.0152664782,-1.92373211003,1.61789870731,1.58288426751
-2.4593234985,-3.34614362998,-13.7063299678,-1.47237978837,0.0732879485846,0.186202220784,12.9414472788,4.44353116321
-5.73620138732,-9.26302810762,6.82883944081,3.53985059521,1.81151070387,4.50918507,-2.90502498131,4.88976165879
-7.00688007174,1.72358630475,-3.26315615203,8.10894111152,-3.25452044071,5.04180456886,4.41670843281,7.41253084997
1.63234495547,1.43025125063,-5.94999687954,-3.17705789908,-6.35804592993,-1.76983758579,6.48037870559,-1.28849055327
5.39726569584,-2.71715044352,4.26459327238,-2.54344609156,-4.09026254576,-2.7100505392,-0.965896614978,1.49042429138
3.59203970561,5.87094650645,-3.39578808109,-2.26580174801,-3.45637741763,-4.36864955575,0.835015721735,-4.67151803255
-0.641096844011,-7.29139833291,-9.52210953262,-3.91321829264,5.84355193824,2.34468777853,10.4927333071,2.26453314862
4.30446399731,-1.08861398714,-1.58117408764,-0.926844795179,-9.90433339342,-0.0324793294915,-0.739876972586,-6.55672310999
3.28023822332,-8.42600891379,-1.99172895673,-0.746978823894,6.33658089524,1.56776441982,2.71641744982,-2.00887239637
-1.18199239316,4.20946369664,0.399994026457,2.49053997667,-0.0843530367032,-3.37852371382,-1.43779914315,4.29899540248
-8.09247733384,-6.97858967409,-0.0878642659675,2.33739646056,4.8303577867,6.57224849623,6.26631810774,1.79585297967
-11.0565641742,4.05825893269,5.29070906649,3.85470199008,-7.97610411792,0.849969881982,3.46549306127,9.4132155557
-5.74402881681,-0.301399673724,2.76976426143,-2.37714176358,8.58189557141,-2.25369716295,-0.185053957068,2.60011054954
-5.02203184944,-0.899142491882,6.32474013894,2.2936453009,-2.07640283956,2.19680158285,-2.61536459876,7.12380298632
4.82673551979,2.58807727759,3.43525896131,1.93451903122,0.533960283243,-1.25178518051,-5.92164124546,-4.06868475878
-1.67072194198,7.04734429882,-3.74968380793,4.94764022988,-4.68126561789,4.07583523428,1.97686826271,0.572009204552
-4.81659844798,-3.37467545487,1.21529087325,1.655983935,-4.04286795882,3.77006469169,0.613229993106,0.806144324225
-7.11540560747,3.56422428097,2.68594164543,2.06160378314,-3.53556660411,-2.24089702545,-4.43054647184,-3.21890648002
2.82136447385,-7.77000433281,-4.93136614744,-5.43620545996,9.05956297564,0.0387580811072,7.56839920065,2.89933509627
3.10837074343,-2.41473779165,-1.71614242938,1.5558794103,-3.31626812735,2.05223118275,-3.81312966931,0.652769975054
8.16716079555,-12.1256683131,-9.17094688841,-5.1127148608,-2.18021638658,-3.16589939168,0.948736246023,-11.0973490014
-3.03097877384,8.1534807554,-4.10023185403,-1.53608028946,-1.0839842397,-2.29138037679,6.66315791592,-0.596227469963
-0.598358379004,-6.94943999016,-8.6032563336,1.86500675507,-8.5290127517,7.97382670804,6.53073836253,3.79479148892
-10.584192588,-2.15040740311,7.417591289,5.03106783482,1.79351283579,2.57694151217,-4.30556098357,3.11992825961
-6.5537995463,1.09791622108,6.54149391112,2.13549270019,5.70223996856,1.18765568946,-4.21212839904,8.16787144773
7.98196340719,1.25680247808,-2.95273420284,-1.30357753904,0.831307175466,-2.29044666195,0.262995435029,-2.4443020269
-3.33801205252,-9.72163098481,-2.33828228445,4.46485043513,-3.05913819752,7.5263648922,1.83176848299,-2.27463683415
3.22598419229,-2.48576732599,1.00738009548,-5.86372352919,-2.18604412385,-6.39665956566,2.71085279333,-5.67281547733
-4.34020263758,-8.11775513076,-5.09702862731,-4.77461512371,1.00962893168,-1.33650002066,11.949912765,1.97162964069
0.712165019333,-3.64520977308,-7.89840347925,-0.0638518095216,2.71431275632,-3.78403580357,-2.63381720577,-3.6591145656
-1.3309493088,6.37891479563,-7.86763400696,1.06567389082,-0.244087557454,-3.65814568972,1.76253901967,-2.6660822445
-5.16416604545,5.03968501368,2.18892804686,4.92838175879,-0.370897009355,-0.605186816313,-3.660734714,-2.33681142444
1.97185263248,-4.64699050155,1.10945301075,3.24604677886,5.50787864378,3.46483532984,-9.42362871169,-1.0467707829
4.147714174,-6.18623651778,4.88376395726,3.9319242012,-1.2211951197,7.27061622807,-7.86932473107,-2.29498315383
-3.84342274711,-1.06584742872,-1.87843110465,2.9867038027,5.11982378629,2.733470409,3.34394376519,0.599583696575
-2.54009780977,4.19430859812,2.03940542021,-2.23098566034,-2.16169851401,-1.36747746396,4.07916690862,3.09576622723
-2.23586269525,0.540314218643,0.970282265414,-1.11971612093,7.01263929451,1.30906914058,-1.49987165897,0.303928693589
-8.98242547544,-5.39579171868,4.15533262969,1.27326137173,-1.59673911865,5.75098862251,0.467093778556,4.57494588482
1.58826358223,-4.07784119414,7.41412534718,2.03540546094,6.92581717279,1.58713105258,-10.8138713775,-5.71856158998
-2.97174327941,8.57696699507,5.57162124514,-0.455785410717,-6.47264585944,-5.01452511925,-10.0371081849,-2.54754725858
1.22753941471,-2.01309516692,0.755053025504,3.06982031484,-4.46713899734,4.82720835673,-1.56791386759,0.296867387662
18.4353832881,-5.76443031396,-6.92937917557,-5.20910591991,-13.6058356231,0.15871836454,6.51303879124,-4.38229451643
-5.33630834279,-13.6410461793,1.39360550246,3.53578429541,2.263685478,5.25195108928,0.205354921708,2.16760515124
-2.06875705252,3.33387855015,1.06411134523,4.25598515119,4.18011072256,-0.569151898488,-6.51032425081,-3.8960087995
9.6115027213,-4.27993558694,-10.7327107015,-5.70246196807,-5.48148350679,-3.05763518877,4.48802853892,-3.38938035553
-2.51839007095,6.62936652663,-4.38717515225,1.1968862276,-0.629081150508,-5.38122925049,-0.97610301904,-7.42101346809
5.35611452293,-4.85997360353,-5.26673028937,-4.23740514496,0.486100456294,-8.44389840503,0.17559614923,-7.69843404871
-2.15136573733,3.50649173064,-3.08114416801,-1.71126379107,-8.07577195427,0.0131160045169,6.72271948152,4.63581107008
5.29302122184,-0.215775230625,-0.972996998394,-6.33308379819,1.07886428536,-7.05446526453,1.19305259514,-9.54382199124
2.34433130529,-2.70465784646,-4.9710295093,-4.33605672998,-4.6588293006,-2.92353967342,1.43373062938,1.00246298056
-6.80900145375,9.40490692192,12.0761922561,7.40113672381,0.588410329587,4.57319134951,-14.0197373062,-2.88158790565
2.66882017136,2.33095716083,-1.87877843976,-3.37787842871,-6.54998231273,-0.657443060591,6.89254925213,6.33570838078
9.8328296908,-0.252371288782,-1.41110905856,-4.29560543049,-0.563789526478,-6.05238707066,-8.45528235344,-7.78409499813
-15.7025716247,5.55683331364,6.84485681353,4.21798485016,9.74410090241,-1.32881309804,-4.20400053049,0.983779551523
0.0741150117745,3.448858829,-3.53730161533,-5.25728919563,4.37422166053,-9.31733310027,0.276518103657,-5.77570997127
-5.33456554578,-6.17182252111,-4.14560546845,1.76918617392,3.45154509877,-0.269264140374,1.09969792053,-3.15413778074
-5.11294504435,0.660803660472,3.34750707061,1.81102331113,3.4889506295,3.14500023911,2.99377949987,11.7826074845
3.36256617014,-4.66523100009,-1.14028295201,2.11737188035,4.48074574805,1.16459402184,-6.56206005988,-7.19854492755
-1.72275063249,-6.64251486304,5.20203898446,0.908018366739,0.184264219084,5.05298675607,-1.72216472479,4.54028135976
-13.1603777815,-1.25450991477,3.35258444591,4.00528039419,0.663590294936,2.6102512144,-0.790984344985,4.57229503201
-0.0339144838997,-1.71650539009,-4.09186548867,-6.68360534525,5.29132017949,-4.74284613117,7.31012830139,2.56459044297
-3.61526123485,10.1392449847,1.37375052731,3.47747176583,-3.24942623451,3.86126231628,3.25269349046,5.37927270642
-3.6276059851,4.71210384096,-0.972435707302,5.11805243222,0.517068721299,-0.0393907592373,-8.06314199652,-3.95945666591
2.50024657054,-8.8843288443,4.07492585866,0.814017170672,1.75073467494,5.86363716062,-1.79348225613,6.43314965701
-2.21432061558,3.22437197194,0.123815795749,0.21981347017,5.53708306283,-4.03820124121,-1.73203460411,1.33149267427
9.50725515271,-6.46362409884,1.88038931073,-2.81179675758,4.62695301399,0.619753519749,-3.28534922004,1.43061365306
-3.04657271578,-6.44441982775,-1.78035677204,-1.20417495027,-1.04511631562,0.792862667192,1.88861473521,1.48564913142
12.6930722074,-6.43254240885,5.96833168284,-5.07540258922,4.88033074942,1.21873162699,-3.07066066811,-4.39991366678
-1.24356352705,-0.97489133784,-0.637365321836,-0.451255500939,-3.02110178963,0.205443143336,5.30413203986,4.31715002225
1.05026457718,1.89233289117,0.646499429961,-1.673080634,-0.995039492712,-2.87983748283,-0.69535866598,1.76775534893
-0.996043165904,7.79550637631,0.272586212863,0.15598166237,0.229696799112,-1.0905912671,1.22866491807,7.72047537813
3.6958678144,-8.5956677884,-3.31096552244,-2.70462137957,3.0449265718,0.798265932567,4.74231485124,-3.48895694992
8.83004989243,-5.05295278114,-3.643682117,-3.4897129033,-3.59250440557,-4.40594131214,-7.89450099161,-11.1843769106
-3.71386340475,1.82498444405,5.25951251998,3.10457670566,8.30014534028,-2.14809976945,-7.44749398355,-2.26765417067
3.36252113787,-11.1788879357,0.915789763149,-0.53780187341,0.542796860722,-0.172803218802,-11.205696054,-5.45303373861
0.450550186079,-5.49415663556,1.47709411464,-5.85182251587,4.47696845907,-4.87939118117,-0.369136911256,-2.3018526419
1.18631060039,-7.19880885719,-6.3682649961,-1.36715582786,-1.68019400361,3.0664435339,10.7518687972,7.28936454539
-1.08575388049,-5.74450469081,-3.76274251204,-2.27570296557,4.31333082837,-3.42619102308,-0.232900491741,-2.54670618232
-0.099284520959,-9.05058784946,2.3136860321,-3.10045689974,9.19806839864,-2.66593760962,-3.63716828744,-4.0927944776
0.564946016354,1.20027425419,1.03881325049,5.1668677531,-3.75811599902,2.6809127343,-11.9948368196,-2.70112407012
2.58048338818,-5.24762724315,2.28692492246,0.483770165433,3.62698134299,2.99078889113,-1.91516110804,-1.3648953841
7.34965089823,0.789475669392,-5.3142234496,-0.594635048777,-7.18431264667,-4.01440479806,-8.77006617885,-11.2634235888
4.07265245468,2.72840271237,5.16561634544,-3.76304211567,-1.30610424422,-2.72554237119,4.6402116991,-2.06996551981
-3.74556127378,-0.515790765668,-2.77329989821,-3.10148332206,3.09371028259,-3.75073189572,2.79472614876,2.57322808913
2.77332077579,-8.7363664311,-11.4925634382,-1.61905178396,1.0965221094,2.76881176965,3.60878404295,-4.99302236557
5.67212331601,4.84361088523,-1.88162614888,-1.86254608969,-5.18597496984,0.112701624794,1.47224658713,-0.404570540659
-1.31611709582,0.0883830388857,-6.95693695822,-2.22077634848,-4.90632445391,-1.27795603009,5.16556651297,1.47615256887
-0.693406041947,4.50168080581,4.57246670112,0.537549079603,-3.93546072174,-1.27670332646,-7.81880433033,-1.13897014225
-3.31309461984,-0.374102552572,-2.06842995173,2.49089791386,-2.36723776943,4.67762145185,1.38841339272,3.69454832364
0.906793923559,14.526032963,-0.443011330461,3.2015258722,-5.58033017719,-5.47194564022,-7.2473413667,-9.45163670504
7.98180463559,1.01148382994,-5.15675229234,-0.617027176871,-1.61266361444,-4.53876693703,-5.38869733368,-4.149900395
-0.823894290878,-6.69547408485,-14.0371954941,-1.84365847177,-2.59653219556,-4.10418526693,4.14571430982,-3.12609313491
5.91816916184,-5.81542379564,-5.81349645397,-5.66715655853,0.0975762199536,-2.11771062507,3.94747982391,2.32444445136
-1.7904152642,0.452458081704,2.09041587998,2.90202978476,-1.06587351431,0.669911189418,-3.33328309023,3.09864452434
-5.48706887782,3.48961589621,4.19449236376,2.67818202202,-0.844597885236,3.01852876966,5.23576245765,8.10902536538
-0.111241839936,-0.362534281956,-5.80456230415,0.624379592111,-2.59875965881,-3.97364762993,-2.7070741814,-4.28382105396
2.99522835748,5.75418580953,-6.71194744255,-1.27077137655,-6.90650576896,-1.61846577903,4.11498807506,-2.72625304452
4.70809772909,-0.0711863228668,1.24639449069,4.60308319872,4.27921356044,5.79051415769,-6.00088943312,-1.95526407986
2.79674724599,-1.95225334915,-0.653804535337,-4.76782213811,2.57279161975,-1.68589470584,2.73497503797,-7.71821331872
-13.0123339121,2.31916065766,-2.99787504017,-1.46677829202,8.18192022853,-2.09213021905,4.29639325731,1.2808020533
-2.94927754429,-3.80352620906,-3.81632880611,-2.85897722908,-1.40504077569,-4.32570237415,2.50857856032,1.61229456838
-5.87697738836,4.48020119241,-2.76084380679,4.76820505041,-12.5390007627,1.78588523034,-1.79811198755,1.64269168499
-0.735701358362,-5.51858449424,10.7597401779,0.075822015561,0.471304356482,0.571389770931,-10.4463574879,-0.106017293133
-7.83929370317,18.1189048923,3.56347410336,12.3015940429,-10.1270493663,3.04740799653,-8.53340303185,6.13076048645
-0.17335576177,2.99177653237,-4.42263476409,0.135791251586,-4.05187251297,-2.43491095353,3.4190373352,-1.05707233073
-6.76738316598,6.46015125101,0.406595702218,1.57864227951,-2.21097907223,0.0952205463224,2.22750454628,5.34358155001
8.7860423133,-1.32290216971,-3.65102648033,-2.50751030357,5.3829517652,-4.60857324834,-8.25184100084,-6.19074402962
-2.17784587121,-6.06533626643,-0.875574431579,-1.22406185261,-3.37386502072,8.96221048355,16.5568194868,14.2415684295
7.41859778305,-1.82966171494,2.13188788422,-1.16689956728,-1.69185188708,-4.41263582004,-5.32374398113,1.18967336092
-3.3720003932,-0.647482235801,4.60402933447,7.85126805877,2.29795644025,5.62664929452,-3.67492453446,0.668101534462
5.35732743405,10.8627687505,1.85953641964,-4.3522321597,3.038123407,-2.78401108271,-2.80133482416,4.97386406148
5.03612978833,-7.5837657527,-3.61170562783,-9.49385354289,-2.55275484239,-4.93432937773,6.17399328006,0.00181469073646
-11.1040776977,6.20416901061,5.36352464115,4.22310093614,-3.47610716459,0.118395488013,-1.91340545378,5.97405315284
1.87527034889,-3.89147595834,2.78231688876,1.26427296291,-5.77115436954,4.20156181789,-1.68804703636,0.285655973208
4.65467449491,1.0009665438,-8.3595869481,2.32531990632,0.39475896357,2.50953003775,4.09051525352,-4.33646597661
-6.54144296428,3.03329958375,1.02157754975,3.46789987999,10.5515067778,1.20272195347,1.37833478493,2.6524988314
-1.50254395701,2.64098194956,3.34693025356,-2.60307377628,5.44848073932,-5.95171812456,-7.31563010149,-8.8737851755
-2.46840566308,1.56429387565,6.26193757224,7.75041625537,11.8004271273,4.194139066,-12.1465666186,-6.9259715189
1.58696922766,5.78755585632,-10.0191636123,-6.15952700528,4.76410214557,-8.05946599139,3.67729921882,-7.78066373595
-4.87981114636,2.13516578629,10.1582210153,1.5172788347,3.39713746174,-0.0257368437669,-9.28368410784,0.149453232303
4.96540878146,19.285678076,6.57087541375,-2.28745223236,-3.07510875028,-8.05569795145,-0.527775382938,4.10085960272
-1.19765996616,-7.38516533435,3.25514015946,-2.52713872386,-3.00206940536,-2.36859327656,-4.98813616078,-2.79534989262
-2.03788223532,3.08819301075,-0.353312038047,-3.46849633628,-0.136594379512,-0.0788354043073,4.76934936718,6.93886214779
10.9435594419,-5.78184588418,-4.47327557955,-3.5214627876,5.40942543233,-0.0314697494505,1.33524766897,-3.59930819418
-1.25292784261,-4.17415651856,2.9328969923,1.82820620743,1.72330370336,4.87163480023,1.81792613795,1.65005581782
5.34592039788,0.295089811609,-2.82083013833,-2.94111676804,0.38784416365,-2.12245111154,-2.6070422083,-4.31724043374
-3.09345005856,-3.15624161856,0.946481395875,4.06454608204,1.23456268231,5.69108811627,3.06726747547,5.93765970796
3.597181987,-2.55829929764,8.82179015359,1.94985724622,-9.12541161616,5.23352888765,-6.67054492132,-0.984558098663
4.17963624006,-9.49059734842,-8.73051549276,-2.3370102865,5.47584374557,-1.36870769594,-2.57528831174,-10.3045725498
0.959270147753,2.66156325462,3.47787964186,-3.01651560745,-4.6943511929,0.178882929718,0.867186930737,3.50592566261
0.256762094316,5.41463303179,-0.178044931833,0.0749890788043,-5.35251252315,-2.73311608537,-2.15447033093,1.29635498314
-4.59640837175,1.75077120385,-0.115891310071,2.95394614066,1.36047455236,-2.47656873122,-4.83457240301,-2.8386469187
6.40710334854,4.74756351718,7.97167525903,-3.04215938442,-4.36212669389,-1.45116429663,-7.18449003841,0.920193195513
-1.67530111418,5.51693094718,-2.77401474833,6.82991979622,3.10945544565,6.07691320875,-1.24948116917,7.22972317647
3.84693790844,-5.73716768013,-5.33258102562,-3.36312634244,-4.09421868084,-2.37418034356,5.0768164856,-6.10795151748
7.90120608063,-0.272034225998,-2.59604749592,-2.77208233898,-6.65369442017,1.78884761797,8.23446345268,-0.882872854533
-1.28189087505,1.99317996267,4.49244170474,0.164475124142,4.86025594418,-0.175508019952,-1.05870979497,1.31537793147
-4.94993442552,3.74010737888,12.2668852335,0.565542011082,2.31471233574,-1.65175970921,-4.81326336723,3.3918967467
-8.22624868167,5.99084737469,0.674133173629,2.59624376834,-3.02247220399,1.62072925398,9.32987064367,13.631064771
6.24705908207,-0.545323701571,-4.43649707431,-3.19698850975,7.51971405992,-5.23960703944,1.66599680408,-7.37133472509
3.02329091058,-1.26018085113,-0.611184189343,-0.341125739866,3.01022073161,0.725923762302,-5.24708671473,1.51952309544
3.15038887675,-10.8178581196,-5.53703511485,-8.45438169847,0.105452939249,-7.72573106322,-1.52661415595,-8.96722008443
7.14975516807,-4.79870236638,-1.46245496415,-5.9831127465,0.608413021058,-1.98150677678,2.42437848775,-3.63922715729
-3.44572766308,1.70393208462,-2.84489138535,0.634662075606,-1.98358220136,1.9282582825,8.25884256884,6.37967561518
8.71545353372,-7.57878496857,-10.1469678233,-12.2848458927,3.04340076619,-11.7077025508,6.13454413954,-8.73713649412
-3.03695464387,-6.66172739677,-2.26753749816,-0.774313628391,5.77587941427,-0.32793630808,3.32117595196,0.923688007459
9.57520589172,11.2525121867,9.08964979173,-2.58058053975,3.89988749187,-7.34491927858,-13.1487058056,-8.69324581242
3.31092674163,-2.53168350357,-7.45868950507,-4.35743914168,10.2171322254,-4.5278647326,0.33768073472,-10.9261054366
6.36840770175,-1.4624449125,-2.14330586487,-2.16944835849,-0.678539293534,-0.943357205205,2.93726922952,-9.12989765273
-0.693737338393,3.3876952717,3.57039882407,-2.44455056221,4.47797260363,-3.95898015156,-0.945314136142,-4.05424823795
-11.3059718973,-7.7178590277,2.59881690893,-0.246875363716,7.26512198153,1.16468431666,4.47371492169,2.71072818115
3.70656873055,2.66302636705,-6.60513290384,-4.82940554653,0.717358153378,-2.00391516594,10.4444336984,3.02698843835
1.64691279223,-8.66886399247,3.3797716534,0.0933503602284,1.03177517058,0.577165410808,-1.47974335345,-5.12028862051
-9.48406956779,3.96743920343,6.22216654411,2.19886153944,8.39072002117,0.1979970744,2.98781243647,7.08252467937
-3.56658580374,5.54063575439,0.937374548578,3.22615092222,-10.1124717865,2.47707628677,1.67247668712,5.75463314957
-3.18445111103,0.427895566113,-1.67846987831,3.04269195754,8.21129042007,-1.19559622603,-5.67913096805,-4.33373516839
-3.46019076612,3.52034239036,-2.51395898284,0.659606012317,-3.72996200723,1.86497772474,4.66512005051,9.18868317423
7.49112240182,0.994912988049,-5.49122271025,-7.03106846129,-6.90047510139,-8.6902105841,1.72327698025,-1.69734250106
0.742163586581,0.487583844989,-2.84931666333,2.16890562552,0.87524090322,3.77006476207,0.799674876664,-0.283223521122
1.96366262822,2.76088411364,-3.2287073865,-1.56407107009,0.620513189085,-2.7171471589,3.60091871063,2.96073075832
4.96642613033,10.2567616536,-6.3396826998,-4.03266048077,2.32389638041,-10.2011108907,-1.57019707406,-5.7295040357
-0.719022100099,2.1310016924,3.88315859558,-3.71460016526,5.89559931527,-6.36028955099,-3.64850812515,-5.26315954312
-10.772993917,3.06785944667,8.2308931587,4.47767243008,8.20408200637,1.42687735874,-3.74174160765,-1.98125837561
-0.483984070955,0.751255214214,3.04487174741,0.288276662782,-0.923683372009,-1.0949967842,1.7638018761,1.83254586379
12.6494733894,-16.0540056981,-7.97029413952,-2.80390481544,-4.65787770726,6.90587960778,8.06667140428,-3.87034244741
7.51747860463,5.36991571125,0.929749632832,0.651470674767,-8.77853980615,-1.78248586896,-7.24352909726,-5.27055116033
-2.22626115857,-1.89847580637,-7.23657116144,3.15914519661,6.91536182541,4.39070206579,2.85540018557,0.720510648052
0.276714046951,-3.78951340545,6.40216862564,-7.49383568308,6.74010636297,-3.27498958977,3.03303982414,3.98953606433
-3.15251209326,7.17329591739,6.91164640432,-4.02796644515,9.05551552712,-5.59660581858,-1.75986504025,0.225710354636
2.29385188488,-5.36858342163,-0.450080826494,-1.03014513364,4.83442121699,1.93832795859,-2.33019594631,2.64464785405
3.40296736032,-2.71466451551,4.05434778411,5.57810891913,-3.89134626995,4.09874351595,-7.53240800405,-1.4415370775
0.200879011887,7.71858813889,-1.08389026049,-2.86408467766,-1.03482516626,-4.11045964595,-3.38030615963,-2.65869000405
-9.2187557612,-7.49677278635,0.468979481752,-0.307943307115,3.30643504782,1.09074994703,2.0406392377,-0.177472859594
3.58930661293,5.43493651395,-6.25970386917,-2.01499642264,-8.98056995178,0.25115863373,6.78543448248,2.72467355847
8.15421607594,4.67234193205,4.54077497949,-4.77609855905,-3.76035244462,-0.859508639243,0.740321041293,-0.637903283452
-2.55080857333,10.4391703076,-3.83318442715,-2.01495772197,-10.2528085278,-1.64532129075,10.1985686405,3.9902499529
0.770449582431,-2.26482362413,3.89656658795,-0.279938812966,2.62052438768,0.834541849435,-3.72283248918,-0.020166021995
2.72806085123,-1.77186052557,-10.1201255939,-1.63780103985,-2.53842328694,-0.26031428072,8.05651375061,-5.50839980068
-10.3103298726,0.590353856192,10.6769906266,4.26415255385,-3.05073093069,2.66057526778,-6.95368821796,0.805093228538
-3.76879916186,-5.55875500493,-1.2452636321,1.75781390853,0.217223479255,3.26739265997,1.16388839902,0.839041498176
-5.31637947132,-5.95448683492,-0.908904182064,-3.60896057702,1.96623428437,-3.92417466616,4.77640111486,-1.56000975831
-6.75378737467,-1.55197789088,-0.25373640632,2.20387691296,-3.91685822861,4.74349285567,6.79034988421,4.89369670888
-1.14254189487,-3.34955379567,1.0057672783,0.753602758701,-3.00916511489,5.59963685513,1.35126586807,7.17205279396
-7.67149281076,1.25895733527,0.540177995414,1.58696699254,6.02698433219,1.1924015769,1.2822569859,4.02203324667
2.87706304999,-8.31474401815,1.13086340167,-1.77507915824,-0.339496351432,1.68404218677,-3.23165810272,-5.849891979
2.56524755335,5.02177540625,4.5102354185,-0.127055220376,1.76143887034,1.0002965342,-5.52914114198,-0.415630312497
1.62269541093,3.54517749547,3.22500488922,3.24648518897,-1.44586467644,5.09571852322,-3.78314151809,2.04257894531
12.5489923628,-6.89354168013,-6.32172731991,-2.92140818612,-8.98654694887,-0.0330620904238,-0.860647283248,-7.31540470319
0.657763878718,-2.28944471449,-6.80763730992,-0.83854843197,-6.61682667197,1.72572451409,10.9107108498,5.1958675187
-9.48237509523,9.52113859157,4.12471093743,1.50544997969,-0.757434480766,-3.28718348056,2.3700450681,4.24130047029
-1.41118398714,-2.19114406698,-2.00727380507,2.60389531416,3.57194695902,3.15532104295,2.8197065806,6.88856596601
-6.48406138418,-4.91586899881,-5.60612250806,5.69861051874,-7.53043108555,1.57492203958,4.62297737549,1.57073106079
-1.09614151754,2.12355452991,-4.53511559161,-3.08377803113,-1.45533536579,-2.53447612384,4.57044560688,-1.00176768054
1.626017585,-2.31646295193,-2.01239043268,-0.572320870706,-2.00272327278,-0.364354628349,0.804007558321,-5.02104386349
-4.78866810562,-4.13020679056,1.11560883695,0.857825880709,1.1629835749,1.70690796723,3.56746032412,3.29347033417
-6.15658753603,9.65065907412,-2.00762418041,5.56106508777,-4.47529164879,-0.0540880153452,-1.30603131836,0.405502396168
-1.24821920242,4.50217900137,2.99499746324,4.04988181663,-0.346134070363,0.728743556947,-3.9922569774,1.41934452434
-1.59438113877,-0.712074126385,7.28979994336,0.686119656284,0.735784734188,-1.20876293865,-4.44331679074,-2.66368730198
-7.57895120099,5.57350722814,11.5036383618,4.14968733153,3.12713903122,3.46732765532,-5.8604263168,2.60301637178
-0.340631628067,-10.0674239308,1.85495214849,3.56214531848,10.8239128163,8.07434656936,-0.371761532772,4.62819009393
-3.93005396872,2.95776170492,-4.27520420472,3.4262808476,-1.34307803698,0.696703994771,1.48689062446,2.21054163049
-5.01351068015,-1.71254274571,-0.741254580698,-5.40212198537,-0.746319685389,-3.99423113082,3.55990125827,6.06790409352
0.0707322058364,-4.18907024956,0.31447405461,2.4940676909,5.28002895099,3.77687428723,-1.66257386638,2.75485331311
8.80429486203,9.15644522076,-0.431102167684,1.41147658805,-5.94689356502,-0.766605150591,-3.0602168125,-1.54719481947
-15.194349206,10.836706251,2.49285659405,8.24474565113,-0.0946143162513,1.18434212764,-2.14072226016,5.42501039883
-2.4285531281,1.05113537421,-2.70701642079,1.5743216628,3.68940430238,-1.69325194642,0.511315141729,2.47085632807
-3.03436902634,-0.0441261688691,4.86174592865,-1.24272516001,3.4348194322,-4.96923806437,-7.03737676186,-3.55022730865
-7.28768725371,5.71254921859,-2.85288123105,4.07094128145,0.227627960461,1.42807560575,2.40682747541,6.43365683054
3.85367770328,-1.82658062121,5.0161041672,2.36919473294,-4.42001583316,5.96454626061,-2.27537220372,5.13145914323
2.55267882141,-3.55336303154,6.92455061984,2.42958044777,-3.74396384697,3.86321534101,0.330038464332,3.67000124881
-6.4093422118,-4.56270563281,6.15702439843,6.57141631996,0.955753697024,2.02058830874,-6.53680821797,-0.493831218687
-8.75552743252,2.7938822255,2.20230536776,2.96491083189,6.61553063393,-0.0232012359303,-2.53173789855,-1.75346341957
11.077370744,-0.149802998688,3.56514072949,-6.40148170775,2.78614627934,-5.53816269501,-1.60261133092,-6.5455240271
-7.38348927167,-5.77605946506,3.72086575752,4.00773493013,0.113475527972,4.98321606027,0.395668271436,4.55810005498
-3.83184444783,4.50569113365,0.575107455073,-1.5562610047,3.90563503608,-7.05482847921,2.50391740983,2.4470623058
-4.96587885389,-0.523464801301,8.10329742961,4.11286634995,8.16346338909,5.83533069839,-0.172545172109,9.40441745361
-2.49316627254,-7.84688567626,0.884863643263,-0.887844531043,13.0256184063,-0.621428749356,0.415915808419,-4.13349165778
-8.30602227079,-2.07969076854,4.76932350941,1.18106151029,0.656734470866,-0.650456442314,-2.44792585752,2.35656067664
-0.552888768816,-2.24509599286,-3.37104856624,3.67188397107,-2.56015650397,-0.167777932904,-4.36280508226,-3.22469294406
